"","Stair","Mean","SD","CIwidth","Hemifield","Eccentricity","Condition","SUBJECT","EccentricityEff","HemifieldEff","CondEff"
"1","L_LNstair",0.205610473325323,0.0272232814215288,0.09032267324075,"Left","Near","Upright","013",-0.5,-0.5,-0.5
"2","L_LFstair",0.288215919647488,0.0267208714611444,0.0878617042219061,"Left","Far","Upright","013",0,-0.5,-0.5
"3","L_LPstair",0.289903673360818,0.0268648689468654,0.0882179714008955,"Left","Peripheral","Upright","013",0.5,-0.5,-0.5
"4","L_RNstair",0.31893357664174,0.0275596332943258,0.0903838413404445,"Right","Near","Upright","013",-0.5,0.5,-0.5
"5","L_RFstair",0.363007767852138,0.0264411069261232,0.087662182038308,"Right","Far","Upright","013",0,0.5,-0.5
"6","L_RPstair",0.392125000358196,0.0290371662394482,0.0957895960717055,"Right","Peripheral","Upright","013",0.5,0.5,-0.5
"7","G_LNstair",0.851178837880196,0.0291752021829934,0.0950857422493616,"Left","Near","Gabor","013",-0.5,-0.5,0.5
"8","G_LFstair",0.800676514196171,0.0285122535015324,0.093942155304043,"Left","Far","Gabor","013",0,-0.5,0.5
"9","G_RNstair",0.921163281695682,0.0274505987943701,0.0912925315838091,"Right","Near","Gabor","013",-0.5,0.5,0.5
"10","G_RFstair",0.922589220818356,0.0282780583162138,0.0942845378313815,"Right","Far","Gabor","013",0,0.5,0.5
"11","G_RPstair",0.521807527817792,0.0257529350071307,0.0850433723845296,"Right","Peripheral","Gabor","013",0.5,0.5,0.5
"12","L_LNstair",0.362377986835341,0.0261831680450031,0.0865495240964167,"Left","Near","Upright","014",-0.5,-0.5,-0.5
"13","L_LFstair",0.417568268850661,0.034564177035261,0.109711798821121,"Left","Far","Upright","014",0,-0.5,-0.5
"14","L_LPstair",0.50587756062005,0.0324049225961356,0.0976608900892773,"Left","Peripheral","Upright","014",0.5,-0.5,-0.5
"15","L_RNstair",0.227549923522085,0.0269138794794765,0.0887477615124508,"Right","Near","Upright","014",-0.5,0.5,-0.5
"16","L_RFstair",0.283706153969148,0.0271279780054177,0.0900286183304551,"Right","Far","Upright","014",0,0.5,-0.5
"17","L_RPstair",0.455262859563148,0.0264356287433853,0.0875821763134637,"Right","Peripheral","Upright","014",0.5,0.5,-0.5
"18","G_LNstair",0.50950179117678,0.044867517776835,0.122325181451497,"Left","Near","Gabor","014",-0.5,-0.5,0.5
"19","G_LFstair",0.620520347520739,0.0274037579454458,0.0903512587240475,"Left","Far","Gabor","014",0,-0.5,0.5
"20","G_LPstair",0.624804768197677,0.0263798701704016,0.0874799331887415,"Left","Peripheral","Gabor","014",0.5,-0.5,0.5
"21","G_RNstair",0.392480533092077,0.0264899010488707,0.0875964780586865,"Right","Near","Gabor","014",-0.5,0.5,0.5
"22","G_RFstair",0.454174427736452,0.026343545229014,0.0874157274490756,"Right","Far","Gabor","014",0,0.5,0.5
"23","G_RPstair",0.40012026834949,0.0260390861639573,0.0860669335786152,"Right","Peripheral","Gabor","014",0.5,0.5,0.5
"24","L_LNstair",0.324210716461059,0.0278397823434766,0.09236090772234,"Left","Near","Upright","015",-0.5,-0.5,-0.5
"25","L_LFstair",0.167607226959927,0.0271319275660329,0.0893832795602394,"Left","Far","Upright","015",0,-0.5,-0.5
"26","L_LPstair",0.418962758145918,0.0303272321708566,0.100385210891674,"Left","Peripheral","Upright","015",0.5,-0.5,-0.5
"27","L_RNstair",0.232828707989121,0.0284314494079114,0.0935394050466405,"Right","Near","Upright","015",-0.5,0.5,-0.5
"28","L_RFstair",0.150360013041665,0.027566503290901,0.0903951087445417,"Right","Far","Upright","015",0,0.5,-0.5
"29","L_RPstair",0.363021522099528,0.0270824788347645,0.0894414289320266,"Right","Peripheral","Upright","015",0.5,0.5,-0.5
"30","G_LNstair",0.707633701158892,0.0261024977320398,0.0861393295814077,"Left","Near","Gabor","015",-0.5,-0.5,0.5
"31","G_LFstair",0.505630259761702,0.0258484338214058,0.0853134450052068,"Left","Far","Gabor","015",0,-0.5,0.5
"32","G_LPstair",0.371179637968915,0.0272650356320143,0.0901116119387334,"Left","Peripheral","Gabor","015",0.5,-0.5,0.5
"33","G_RNstair",0.549727875294518,0.0265873683742635,0.0873824390276445,"Right","Near","Gabor","015",-0.5,0.5,0.5
"34","G_RFstair",0.421345725390876,0.0263603759290623,0.0867930868967388,"Right","Far","Gabor","015",0,0.5,0.5
"35","G_RPstair",0.456402141028434,0.0263577961232144,0.0871883672840141,"Right","Peripheral","Gabor","015",0.5,0.5,0.5
"36","L_LNstair",0.601867860056751,0.0256583635380643,0.0846831979211258,"Left","Near","Upright","017",-0.5,-0.5,-0.5
"37","L_LFstair",0.810878029216275,0.027187259368499,0.0892095672998331,"Left","Far","Upright","017",0,-0.5,-0.5
"38","L_LPstair",0.508122502127502,0.0257067923115733,0.0850638886114405,"Left","Peripheral","Upright","017",0.5,-0.5,-0.5
"39","L_RNstair",0.230493372053049,0.0268537328837559,0.0881977835857712,"Right","Near","Upright","017",-0.5,0.5,-0.5
"40","L_RFstair",0.66767730733845,0.0466899818771242,0.146689018628116,"Right","Far","Upright","017",0,0.5,-0.5
"41","L_RPstair",0.272481781468646,0.0268715768644537,0.0891138514113876,"Right","Peripheral","Upright","017",0.5,0.5,-0.5
"42","G_LPstair",0.795414470053628,0.0285913381049193,0.0944004998259351,"Left","Peripheral","Gabor","017",0.5,-0.5,0.5
"43","G_RNstair",0.847717368421216,0.0354602816262419,0.113214650251428,"Right","Near","Gabor","017",-0.5,0.5,0.5
"44","G_RFstair",0.690555022780205,0.0270664479961692,0.0886623956072341,"Right","Far","Gabor","017",0,0.5,0.5
"45","G_RPstair",0.353529910475607,0.0264154014859579,0.087529963891991,"Right","Peripheral","Gabor","017",0.5,0.5,0.5
"46","L_LNstair",0.394890139529512,0.12453233792665,0.406839785716372,"Left","Near","Upright","018",-0.5,-0.5,-0.5
"47","L_LFstair",0.642629948248147,0.0256543522104262,0.0846553348559752,"Left","Far","Upright","018",0,-0.5,-0.5
"48","L_RNstair",0.429617503006843,0.031821461030685,0.0981756111053049,"Right","Near","Upright","018",-0.5,0.5,-0.5
"49","L_RFstair",0.419900398509372,0.0408482228650262,0.118482644524934,"Right","Far","Upright","018",0,0.5,-0.5
"50","L_RPstair",0.414347458839223,0.0262691797723834,0.0871330853933792,"Right","Peripheral","Upright","018",0.5,0.5,-0.5
"51","G_LNstair",0.763005057753369,0.0274029319340146,0.0906572314685687,"Left","Near","Gabor","018",-0.5,-0.5,0.5
"52","G_LFstair",0.823156361557224,0.0272534908788437,0.090473817036596,"Left","Far","Gabor","018",0,-0.5,0.5
"53","G_LPstair",0.695956385346029,0.0276476889961416,0.0913912491535521,"Left","Peripheral","Gabor","018",0.5,-0.5,0.5
"54","G_RNstair",0.508614443299558,0.0262723650836978,0.0866487360973529,"Right","Near","Gabor","018",-0.5,0.5,0.5
"55","G_RFstair",0.607564100101115,0.0258294575657866,0.0853402154629653,"Right","Far","Gabor","018",0,0.5,0.5
"56","G_RPstair",0.686495333026593,0.0366878863149441,0.118297545762208,"Right","Peripheral","Gabor","018",0.5,0.5,0.5
"57","L_LNstair",0.270666765109598,0.0300910901307675,0.0994318941828032,"Left","Near","Upright","020",-0.5,-0.5,-0.5
"58","L_LFstair",0.64845669635929,0.0266598884456321,0.0875703282620857,"Left","Far","Upright","020",0,-0.5,-0.5
"59","L_LPstair",0.576426759653389,0.0288920764872659,0.0948583259384475,"Left","Peripheral","Upright","020",0.5,-0.5,-0.5
"60","L_RNstair",0.431952984483555,0.0260540232303451,0.0858787678885011,"Right","Near","Upright","020",-0.5,0.5,-0.5
"61","L_RFstair",0.583905356243691,0.0259698272261392,0.0859586274239433,"Right","Far","Upright","020",0,0.5,-0.5
"62","L_RPstair",0.364694365970506,0.0283931285123178,0.0939908947056039,"Right","Peripheral","Upright","020",0.5,0.5,-0.5
"63","G_LNstair",0.599762858786942,0.0258343487678197,0.0855027878975662,"Left","Near","Gabor","020",-0.5,-0.5,0.5
"64","G_LFstair",0.751815178336734,0.0260760416586516,0.0859564342172324,"Left","Far","Gabor","020",0,-0.5,0.5
"65","G_LPstair",0.829867082183186,0.0283073608146205,0.0928733866779815,"Left","Peripheral","Gabor","020",0.5,-0.5,0.5
"66","G_RNstair",0.589100281896889,0.0257139250360256,0.0851857408245197,"Right","Near","Gabor","020",-0.5,0.5,0.5
"67","G_RFstair",0.594026824308233,0.0256815981236926,0.0849400479081915,"Right","Far","Gabor","020",0,0.5,0.5
"68","G_RPstair",0.882682217469476,0.0265846097776767,0.0881755902194648,"Right","Peripheral","Gabor","020",0.5,0.5,0.5
"69","L_LNstair",0.182269240204324,0.0278869446238523,0.0921627946375707,"Left","Near","Upright","022",-0.5,-0.5,-0.5
"70","L_LFstair",0.506438552322601,0.0324031928223751,0.0967888481063678,"Left","Far","Upright","022",0,-0.5,-0.5
"71","L_LPstair",0.740503132871824,0.0265106858112709,0.0873012904784028,"Left","Peripheral","Upright","022",0.5,-0.5,-0.5
"72","L_RNstair",0.212782149504033,0.0280446375271681,0.0926419813113814,"Right","Near","Upright","022",-0.5,0.5,-0.5
"73","L_RFstair",0.117253814514729,0.0297227419389391,0.0977442381937524,"Right","Far","Upright","022",0,0.5,-0.5
"74","L_RPstair",0.459228342180815,0.0531814957246932,0.115681038681098,"Right","Peripheral","Upright","022",0.5,0.5,-0.5
"75","G_LNstair",0.495393201307794,0.0256869526744237,0.084865424737543,"Left","Near","Gabor","022",-0.5,-0.5,0.5
"76","G_LFstair",0.45401128483731,0.0260664939954098,0.086403264850086,"Left","Far","Gabor","022",0,-0.5,0.5
"77","G_LPstair",0.904506741666558,0.0274677316283599,0.0913611760463776,"Left","Peripheral","Gabor","022",0.5,-0.5,0.5
"78","G_RNstair",0.399918554891354,0.0485981048851068,0.127390802232746,"Right","Near","Gabor","022",-0.5,0.5,0.5
"79","G_RFstair",0.349191289302432,0.0270219582940788,0.0886097826407369,"Right","Far","Gabor","022",0,0.5,0.5
"80","G_RPstair",0.234994476460544,0.0274535306338654,0.0910762964897854,"Right","Peripheral","Gabor","022",0.5,0.5,0.5
"81","L_LNstair",0.181622722380292,0.0273824973179711,0.0902306744633811,"Left","Near","Upright","023",-0.5,-0.5,-0.5
"82","L_LFstair",0.285799562902313,0.0338125077070864,0.104202617365634,"Left","Far","Upright","023",0,-0.5,-0.5
"83","L_LPstair",0.501367924673699,0.0291935146236947,0.0953876584924038,"Left","Peripheral","Upright","023",0.5,-0.5,-0.5
"84","L_RNstair",0.161709412690633,0.0272916158788249,0.0901961475191873,"Right","Near","Upright","023",-0.5,0.5,-0.5
"85","L_RFstair",0.135442359681567,0.0276051183195105,0.0915634381612738,"Right","Far","Upright","023",0,0.5,-0.5
"86","L_RPstair",0.322618535143034,0.0359004336088438,0.108063307814488,"Right","Peripheral","Upright","023",0.5,0.5,-0.5
"87","G_LNstair",0.455802242707541,0.0263997683361768,0.0874604618179499,"Left","Near","Gabor","023",-0.5,-0.5,0.5
"88","G_LFstair",0.467143107750886,0.025699862699454,0.0849010359609569,"Left","Far","Gabor","023",0,-0.5,0.5
"89","G_RNstair",0.553352657430769,0.0501552732672993,0.141307167971292,"Right","Near","Gabor","023",-0.5,0.5,0.5
"90","G_RFstair",0.663359107844555,0.0280771132531637,0.0928245707219394,"Right","Far","Gabor","023",0,0.5,0.5
"91","L_LNstair",0.710646240867488,0.0341885100879642,0.107685694770324,"Left","Near","Upright","024",-0.5,-0.5,-0.5
"92","L_LFstair",0.59815655818601,0.0256151938415952,0.0848343380246707,"Left","Far","Upright","024",0,-0.5,-0.5
"93","L_LPstair",0.558424400105014,0.0257359220497067,0.0852021739371208,"Left","Peripheral","Upright","024",0.5,-0.5,-0.5
"94","L_RNstair",0.243072282671341,0.0267068755999544,0.0886368551865266,"Right","Near","Upright","024",-0.5,0.5,-0.5
"95","L_RFstair",0.437067515610993,0.0269845351770158,0.0889269544699397,"Right","Far","Upright","024",0,0.5,-0.5
"96","L_RPstair",0.421379010079612,0.0261883119790236,0.0863282809630103,"Right","Peripheral","Upright","024",0.5,0.5,-0.5
"97","G_LNstair",0.593329272893652,0.0257095663198929,0.0849967245844996,"Left","Near","Gabor","024",-0.5,-0.5,0.5
"98","G_LFstair",0.665522318598057,0.0257455197408064,0.0850032150546607,"Left","Far","Gabor","024",0,-0.5,0.5
"99","G_LPstair",0.673896358611441,0.026084800651968,0.0864607512739989,"Left","Peripheral","Gabor","024",0.5,-0.5,0.5
"100","G_RNstair",0.549749136043301,0.0259097262416461,0.0857138649960834,"Right","Near","Gabor","024",-0.5,0.5,0.5
"101","G_RFstair",0.566912882699594,0.0293675455540782,0.0962865253656121,"Right","Far","Gabor","024",0,0.5,0.5
"102","G_RPstair",0.623588464852678,0.0274752472772057,0.0912013513794544,"Right","Peripheral","Gabor","024",0.5,0.5,0.5
"103","L_LNstair",0.365619522368679,0.0263428537893174,0.0873066390546995,"Left","Near","Upright","027",-0.5,-0.5,-0.5
"104","L_LFstair",0.591620389459289,0.0259477099361252,0.0855826691153198,"Left","Far","Upright","027",0,-0.5,-0.5
"105","L_LPstair",0.63493059118266,0.0272648319186288,0.0904401781052167,"Left","Peripheral","Upright","027",0.5,-0.5,-0.5
"106","L_RNstair",0.187499203892065,0.0269881976194658,0.0890630370203508,"Right","Near","Upright","027",-0.5,0.5,-0.5
"107","L_RFstair",0.188881658768804,0.0283150443778488,0.0927891609855243,"Right","Far","Upright","027",0,0.5,-0.5
"108","L_RPstair",0.367884101490446,0.0270578215988048,0.0892004853308487,"Right","Peripheral","Upright","027",0.5,0.5,-0.5
"109","G_LNstair",0.4269286840922,0.0283436310724536,0.0933578733788391,"Left","Near","Gabor","027",-0.5,-0.5,0.5
"110","G_LFstair",0.637649495148718,0.0274174895701843,0.0902991202769097,"Left","Far","Gabor","027",0,-0.5,0.5
"111","G_LPstair",0.618907196038888,0.0266678980573358,0.0877456741746573,"Left","Peripheral","Gabor","027",0.5,-0.5,0.5
"112","G_RNstair",0.437786905093279,0.0273014660353599,0.0898458443334191,"Right","Near","Gabor","027",-0.5,0.5,0.5
"113","G_RFstair",0.363662815074852,0.0269643782931346,0.0894281451416548,"Right","Far","Gabor","027",0,0.5,0.5
"114","G_RPstair",0.563435687436914,0.0261578042767796,0.0865912043733469,"Right","Peripheral","Gabor","027",0.5,0.5,0.5
"115","L_LNstair",0.29253714556329,0.0267319257304011,0.0886470406064159,"Left","Near","Upright","029",-0.5,-0.5,-0.5
"116","L_LFstair",0.644084832710924,0.027594524667947,0.0912052603839367,"Left","Far","Upright","029",0,-0.5,-0.5
"117","L_LPstair",0.478861558236017,0.0258878661389494,0.0856555288140349,"Left","Peripheral","Upright","029",0.5,-0.5,-0.5
"118","L_RNstair",0.395975008592861,0.0291132346538281,0.0961088877053544,"Right","Near","Upright","029",-0.5,0.5,-0.5
"119","L_RFstair",0.507295753839651,0.0264080916750931,0.0870403205097936,"Right","Far","Upright","029",0,0.5,-0.5
"120","L_RPstair",0.68276865207819,0.0267827492990638,0.0888698501900625,"Right","Peripheral","Upright","029",0.5,0.5,-0.5
"121","G_LNstair",0.553205477377802,0.0261667177324493,0.0867157744186282,"Left","Near","Gabor","029",-0.5,-0.5,0.5
"122","G_LFstair",0.672002443734274,0.0260908219554487,0.0860296819319205,"Left","Far","Gabor","029",0,-0.5,0.5
"123","G_LPstair",0.734426051818301,0.0264984831445122,0.0879569608257964,"Left","Peripheral","Gabor","029",0.5,-0.5,0.5
"124","G_RNstair",0.713711952666034,0.026042474532157,0.0863043375439644,"Right","Near","Gabor","029",-0.5,0.5,0.5
"125","L_LNstair",0.482484777453056,0.0262852483727955,0.0866171798797919,"Left","Near","Upright","033",-0.5,-0.5,-0.5
"126","L_LFstair",0.396786094566158,0.0259995179572387,0.0856843787638327,"Left","Far","Upright","033",0,-0.5,-0.5
"127","L_LPstair",0.487225766701383,0.025565662160401,0.0845036692866653,"Left","Peripheral","Upright","033",0.5,-0.5,-0.5
"128","L_RNstair",0.346005789942475,0.0279306221942907,0.092350820826258,"Right","Near","Upright","033",-0.5,0.5,-0.5
"129","L_RFstair",0.611098714976553,0.0269856274466656,0.088362114707916,"Right","Far","Upright","033",0,0.5,-0.5
"130","L_RPstair",0.579853613924033,0.0269684559579034,0.0885119499951993,"Right","Peripheral","Upright","033",0.5,0.5,-0.5
"131","G_LNstair",0.607595614543289,0.0289806261699461,0.0954215467246869,"Left","Near","Gabor","033",-0.5,-0.5,0.5
"132","G_LFstair",0.403898862941095,0.0285502730484707,0.0943457459597947,"Left","Far","Gabor","033",0,-0.5,0.5
"133","G_LPstair",0.80148947943376,0.0277779611222014,0.0913969854399694,"Left","Peripheral","Gabor","033",0.5,-0.5,0.5
"134","G_RNstair",0.508188153705548,0.026221618805535,0.0865341305158932,"Right","Near","Gabor","033",-0.5,0.5,0.5
"135","G_RFstair",0.716882533001126,0.0284852080938775,0.0941519850656786,"Right","Far","Gabor","033",0,0.5,0.5
"136","G_RPstair",0.681844070168376,0.0260581827322947,0.0860409096206949,"Right","Peripheral","Gabor","033",0.5,0.5,0.5
"137","L_LNstair",0.733273473298077,0.026225830160137,0.0868726203025533,"Left","Near","Upright","035",-0.5,-0.5,-0.5
"138","L_LFstair",0.945051376109032,0.0250458651639325,0.0835270550891831,"Left","Far","Upright","035",0,-0.5,-0.5
"139","L_LPstair",0.703507485825813,0.0262870655212973,0.0871836691453947,"Left","Peripheral","Upright","035",0.5,-0.5,-0.5
"140","L_RNstair",0.234190664361671,0.0286384780131091,0.0946310175197179,"Right","Near","Upright","035",-0.5,0.5,-0.5
"141","L_RFstair",0.622785393503804,0.0280708432664307,0.0924209644782348,"Right","Far","Upright","035",0,0.5,-0.5
"142","L_RPstair",0.483393319377134,0.0256801450007556,0.0848994695339481,"Right","Peripheral","Upright","035",0.5,0.5,-0.5
"143","G_LNstair",0.807143480443234,0.0302292661490174,0.0999862530146507,"Left","Near","Gabor","035",-0.5,-0.5,0.5
"144","G_RNstair",0.706572367808231,0.0266001525007397,0.0880218573681191,"Right","Near","Gabor","035",-0.5,0.5,0.5
"145","G_RFstair",0.665920927267389,0.025799921312008,0.0851583919188974,"Right","Far","Gabor","035",0,0.5,0.5
"146","G_RPstair",0.594091696967592,0.028210464767137,0.0934500114145227,"Right","Peripheral","Gabor","035",0.5,0.5,0.5
"147","L_LNstair",0.187178516186806,0.0285652393849886,0.0939235118877564,"Left","Near","Upright","036",-0.5,-0.5,-0.5
"148","L_LFstair",0.577364961895926,0.0259524443497149,0.0855592456518377,"Left","Far","Upright","036",0,-0.5,-0.5
"149","L_LPstair",0.587769424475606,0.0259612456820844,0.085643912294231,"Left","Peripheral","Upright","036",0.5,-0.5,-0.5
"150","L_RNstair",0.691140310528582,0.0331797100073631,0.106162477330118,"Right","Near","Upright","036",-0.5,0.5,-0.5
"151","L_RFstair",0.379875559183861,0.0266900029892376,0.0878110325513012,"Right","Far","Upright","036",0,0.5,-0.5
"152","L_RPstair",0.579295834335902,0.0257196015299456,0.0851996780257525,"Right","Peripheral","Upright","036",0.5,0.5,-0.5
"153","G_LNstair",0.601151475967207,0.0264779501426981,0.0871494646270334,"Left","Near","Gabor","036",-0.5,-0.5,0.5
"154","G_LFstair",0.594873445607611,0.029610921520534,0.096024015343851,"Left","Far","Gabor","036",0,-0.5,0.5
"155","G_LPstair",0.500602643558762,0.0316219021095481,0.103460536912646,"Left","Peripheral","Gabor","036",0.5,-0.5,0.5
"156","G_RNstair",0.724809577789103,0.0274938629592802,0.0909497176990059,"Right","Near","Gabor","036",-0.5,0.5,0.5
"157","G_RFstair",0.531018062185,0.026080947781727,0.086037807504513,"Right","Far","Gabor","036",0,0.5,0.5
"158","G_RPstair",0.567219488202153,0.0272533222237254,0.0898868571246227,"Right","Peripheral","Gabor","036",0.5,0.5,0.5
"159","L_LNstair",0.551205280947936,0.0289799674644202,0.0952601937216118,"Left","Near","Upright","037",-0.5,-0.5,-0.5
"160","L_LFstair",0.766733031455948,0.0283808102251712,0.093505781286951,"Left","Far","Upright","037",0,-0.5,-0.5
"161","L_LPstair",0.823267411855122,0.026780073841707,0.0887490996864875,"Left","Peripheral","Upright","037",0.5,-0.5,-0.5
"162","L_RNstair",0.292662003240575,0.0447068182855454,0.139162099790745,"Right","Near","Upright","037",-0.5,0.5,-0.5
"163","L_RFstair",0.310507539544185,0.0267319562546852,0.0879516951800036,"Right","Far","Upright","037",0,0.5,-0.5
"164","L_RPstair",0.37084759575249,0.0351012556001636,0.111921365797343,"Right","Peripheral","Upright","037",0.5,0.5,-0.5
"165","G_LFstair",0.829753290907112,0.0281941142100896,0.0926106962466366,"Left","Far","Gabor","037",0,-0.5,0.5
"166","G_RNstair",0.936602165166462,0.0261755859858107,0.0873607544515178,"Right","Near","Gabor","037",-0.5,0.5,0.5
"167","G_RFstair",0.788542715431495,0.0275921943293592,0.0903910519734297,"Right","Far","Gabor","037",0,0.5,0.5
"168","G_RPstair",0.53598447159065,0.0256124902574796,0.0843903314551592,"Right","Peripheral","Gabor","037",0.5,0.5,0.5
"169","L_LNstair",0.298673454180096,0.0278225141885523,0.0913684377779668,"Left","Near","Upright","040",-0.5,-0.5,-0.5
"170","L_LFstair",0.328300223858814,0.0264616755043358,0.0871824741615703,"Left","Far","Upright","040",0,-0.5,-0.5
"171","L_LPstair",0.474818598080715,0.0427619009908217,0.117539226051764,"Left","Peripheral","Upright","040",0.5,-0.5,-0.5
"172","L_RNstair",0.309157714105321,0.0274676341326404,0.0899755345689466,"Right","Near","Upright","040",-0.5,0.5,-0.5
"173","L_RFstair",0.317776182521057,0.026623045194644,0.0875538435208239,"Right","Far","Upright","040",0,0.5,-0.5
"174","L_RPstair",0.286131854495719,0.0796527052084573,0.277408691299744,"Right","Peripheral","Upright","040",0.5,0.5,-0.5
"175","G_LNstair",0.752393641367306,0.0272684948856226,0.0904171834243552,"Left","Near","Gabor","040",-0.5,-0.5,0.5
"176","G_LFstair",0.498295087177557,0.0254098303057541,0.08426118946267,"Left","Far","Gabor","040",0,-0.5,0.5
"177","G_LPstair",0.715998798620444,0.0278464600471841,0.0921005423271777,"Left","Peripheral","Gabor","040",0.5,-0.5,0.5
"178","G_RNstair",0.578652496642458,0.0271793122509409,0.0891853148895566,"Right","Near","Gabor","040",-0.5,0.5,0.5
"179","G_RFstair",0.435083515504481,0.0277211468099301,0.091244845504446,"Right","Far","Gabor","040",0,0.5,0.5
"180","G_RPstair",0.521512062484344,0.0256071979413347,0.0846227900892574,"Right","Peripheral","Gabor","040",0.5,0.5,0.5
"181","L_LNstair",0.135767953138413,0.0290130817544433,0.0955635990532628,"Left","Near","Upright","041",-0.5,-0.5,-0.5
"182","L_LFstair",0.17293243180408,0.0281196350797021,0.0928801591266465,"Left","Far","Upright","041",0,-0.5,-0.5
"183","L_LPstair",0.610771047611933,0.0274248879357438,0.0895207662125818,"Left","Peripheral","Upright","041",0.5,-0.5,-0.5
"184","L_RNstair",0.220227953104405,0.0281719292911827,0.0924695354726404,"Right","Near","Upright","041",-0.5,0.5,-0.5
"185","L_RFstair",0.209688429819086,0.0268794803413557,0.088298763580915,"Right","Far","Upright","041",0,0.5,-0.5
"186","L_RPstair",0.755993613793516,0.0409355265912158,0.128246011638485,"Right","Peripheral","Upright","041",0.5,0.5,-0.5
"187","G_LNstair",0.47516589211274,0.0257691595383086,0.0852249716819332,"Left","Near","Gabor","041",-0.5,-0.5,0.5
"188","G_LFstair",0.805261539830694,0.027110091010325,0.0899221018258322,"Left","Far","Gabor","041",0,-0.5,0.5
"189","G_LPstair",0.675412972240123,0.0259230047703308,0.0857278241884561,"Left","Peripheral","Gabor","041",0.5,-0.5,0.5
"190","G_RNstair",0.414555011097235,0.0262525666015568,0.0870952328547616,"Right","Near","Gabor","041",-0.5,0.5,0.5
"191","G_RFstair",0.859740453724015,0.0298856967928405,0.0981915198006711,"Right","Far","Gabor","041",0,0.5,0.5
"192","G_RPstair",0.470137607385449,0.0261610957644778,0.0863052555721042,"Right","Peripheral","Gabor","041",0.5,0.5,0.5
"193","L_LNstair",0.307822909653554,0.0266440658547,0.0876114788720502,"Left","Near","Upright","042",-0.5,-0.5,-0.5
"194","L_LFstair",0.277404497084178,0.0272357857385483,0.0896445820971756,"Left","Far","Upright","042",0,-0.5,-0.5
"195","L_LPstair",0.58829782712334,0.0261075606831244,0.0862210736112461,"Left","Peripheral","Upright","042",0.5,-0.5,-0.5
"196","L_RNstair",0.206845537241456,0.0281942337320794,0.092857114136955,"Right","Near","Upright","042",-0.5,0.5,-0.5
"197","L_RFstair",0.590616980415243,0.0343308654668071,0.1063938507593,"Right","Far","Upright","042",0,0.5,-0.5
"198","L_RPstair",0.412901212760404,0.0820411493877135,0.267276500673044,"Right","Peripheral","Upright","042",0.5,0.5,-0.5
"199","G_LNstair",0.52322559812944,0.0523374676367309,0.152699142627033,"Left","Near","Gabor","042",-0.5,-0.5,0.5
"200","G_LFstair",0.723116099586887,0.0264380468159291,0.0875477512935314,"Left","Far","Gabor","042",0,-0.5,0.5
"201","G_RNstair",0.839821939619541,0.0282442431940091,0.0921515508408233,"Right","Near","Gabor","042",-0.5,0.5,0.5
"202","G_RFstair",0.531737641935896,0.0333323442277991,0.0989280440043053,"Right","Far","Gabor","042",0,0.5,0.5
"203","G_RPstair",0.657879093336025,0.0261967603662969,0.086344231555726,"Right","Peripheral","Gabor","042",0.5,0.5,0.5
"204","L_LNstair",0.134616630002612,0.0287061094497638,0.0947064507996545,"Left","Near","Upright","043",-0.5,-0.5,-0.5
"205","L_LFstair",0.174691290819688,0.0271571393178884,0.0902104993377626,"Left","Far","Upright","043",0,-0.5,-0.5
"206","L_LPstair",0.243310735487509,0.0307874905874171,0.101127987676177,"Left","Peripheral","Upright","043",0.5,-0.5,-0.5
"207","L_RNstair",0.170353756477176,0.0290317828512372,0.0958408835801204,"Right","Near","Upright","043",-0.5,0.5,-0.5
"208","L_RFstair",0.147378380416176,0.0272162805361597,0.0898315889110577,"Right","Far","Upright","043",0,0.5,-0.5
"209","L_RPstair",0.249342355466681,0.0311106735984258,0.102957151400801,"Right","Peripheral","Upright","043",0.5,0.5,-0.5
"210","G_LNstair",0.274203007286561,0.0654326192484932,0.210032894520609,"Left","Near","Gabor","043",-0.5,-0.5,0.5
"211","G_LFstair",0.380318350700994,0.0276338250816954,0.090028990941696,"Left","Far","Gabor","043",0,-0.5,0.5
"212","G_LPstair",0.670024182804162,0.0262528799539982,0.086633819309144,"Left","Peripheral","Gabor","043",0.5,-0.5,0.5
"213","G_RNstair",0.229498480573166,0.0290985298214385,0.096081180521329,"Right","Near","Gabor","043",-0.5,0.5,0.5
"214","G_RFstair",0.204104389868364,0.0507308520956624,0.164455750777696,"Right","Far","Gabor","043",0,0.5,0.5
"215","G_RPstair",0.216985322041903,0.0267303983487213,0.0883026378697769,"Right","Peripheral","Gabor","043",0.5,0.5,0.5
"216","L_LNstair",0.162226218465281,0.0284505505449132,0.0937753493602012,"Left","Near","Upright","044",-0.5,-0.5,-0.5
"217","L_LFstair",0.147582060786489,0.0283291174645498,0.0934238015052957,"Left","Far","Upright","044",0,-0.5,-0.5
"218","L_LPstair",0.377465143115836,0.0391319894066563,0.128694032058701,"Left","Peripheral","Upright","044",0.5,-0.5,-0.5
"219","L_RNstair",0.215325826404016,0.0271474403318231,0.090088093486936,"Right","Near","Upright","044",-0.5,0.5,-0.5
"220","L_RFstair",0.128920724719896,0.0352700279181251,0.115881530443139,"Right","Far","Upright","044",0,0.5,-0.5
"221","L_RPstair",0.191328632576086,0.0273852795097812,0.0900567257978241,"Right","Peripheral","Upright","044",0.5,0.5,-0.5
"222","G_LNstair",0.60815411004448,0.0275875918561268,0.0907594418984945,"Left","Near","Gabor","044",-0.5,-0.5,0.5
"223","G_LFstair",0.939556941746508,0.0270635527699443,0.0895618995895691,"Left","Far","Gabor","044",0,-0.5,0.5
"224","G_LPstair",0.540140613713056,0.027509441099425,0.0887783696739681,"Left","Peripheral","Gabor","044",0.5,-0.5,0.5
"225","G_RNstair",0.429268838938024,0.0871286127300286,0.28614715510032,"Right","Near","Gabor","044",-0.5,0.5,0.5
"226","G_RFstair",0.579113103768,0.0264736987148236,0.087070531213008,"Right","Far","Gabor","044",0,0.5,0.5
"227","G_RPstair",0.430602464106052,0.0312100095938021,0.0961352392831811,"Right","Peripheral","Gabor","044",0.5,0.5,0.5
"228","L_LNstair",0.241247259804716,0.0276132649354426,0.0907754042236415,"Left","Near","Upright","045",-0.5,-0.5,-0.5
"229","L_LFstair",0.201470038779803,0.0281922694597358,0.0922257191860376,"Left","Far","Upright","045",0,-0.5,-0.5
"230","L_LPstair",0.345506629456187,0.0600156357583282,0.187984502082354,"Left","Peripheral","Upright","045",0.5,-0.5,-0.5
"231","L_RNstair",0.196492144624437,0.0269238443265492,0.089027537323018,"Right","Near","Upright","045",-0.5,0.5,-0.5
"232","L_RFstair",0.221551627777052,0.0268443790178479,0.0886778449093895,"Right","Far","Upright","045",0,0.5,-0.5
"233","L_RPstair",0.502905575185434,0.0258972313763308,0.085649829450365,"Right","Peripheral","Upright","045",0.5,0.5,-0.5
"234","G_LNstair",0.557146241238974,0.0315273546070976,0.0985332036681653,"Left","Near","Gabor","045",-0.5,-0.5,0.5
"235","G_LFstair",0.525602086339475,0.0298601326774644,0.0946834640698733,"Left","Far","Gabor","045",0,-0.5,0.5
"236","G_LPstair",0.38654687992821,0.0265250317778295,0.0876434361440175,"Left","Peripheral","Gabor","045",0.5,-0.5,0.5
"237","G_RNstair",0.537974343669919,0.0259208695028439,0.0856513014390035,"Right","Near","Gabor","045",-0.5,0.5,0.5
"238","G_RFstair",0.387004828180192,0.0403371724966714,0.133050587654314,"Right","Far","Gabor","045",0,0.5,0.5
"239","G_RPstair",0.579882095182955,0.0264421187018763,0.0869915266325472,"Right","Peripheral","Gabor","045",0.5,0.5,0.5
"240","L_LNstair",0.265708001603753,0.0325188558338102,0.100600632938749,"Left","Near","Upright","048",-0.5,-0.5,-0.5
"241","L_LFstair",0.718415239680719,0.0352835924420475,0.111930237289931,"Left","Far","Upright","048",0,-0.5,-0.5
"242","L_LPstair",0.8273343452204,0.0361630194681668,0.11552041073808,"Left","Peripheral","Upright","048",0.5,-0.5,-0.5
"243","L_RNstair",0.237565227800721,0.0270489088737445,0.0891973664709013,"Right","Near","Upright","048",-0.5,0.5,-0.5
"244","L_RFstair",0.508950201677819,0.0272509385630324,0.089105352343603,"Right","Far","Upright","048",0,0.5,-0.5
"245","L_RPstair",0.402897699517448,0.0261470241767949,0.0866032649303182,"Right","Peripheral","Upright","048",0.5,0.5,-0.5
"246","G_LNstair",0.59978170546325,0.0283687148485361,0.091995596172893,"Left","Near","Gabor","048",-0.5,-0.5,0.5
"247","G_LFstair",0.657824484469561,0.0304257400257509,0.0975353161353132,"Left","Far","Gabor","048",0,-0.5,0.5
"248","G_LPstair",0.653184128750447,0.026032400103617,0.0860919048287954,"Left","Peripheral","Gabor","048",0.5,-0.5,0.5
"249","G_RNstair",0.314495376527577,0.0478129189666456,0.157899692277779,"Right","Near","Gabor","048",-0.5,0.5,0.5
"250","G_RFstair",0.491861755930058,0.0310064928254649,0.0924438739743182,"Right","Far","Gabor","048",0,0.5,0.5
"251","G_RPstair",0.603214830037531,0.027588650219673,0.0913309250247265,"Right","Peripheral","Gabor","048",0.5,0.5,0.5
"252","L_LNstair",0.418695935769732,0.0518056412366494,0.124555032540189,"Left","Near","Upright","050",-0.5,-0.5,-0.5
"253","L_LFstair",0.549310795243058,0.0281296046755414,0.0919681220409181,"Left","Far","Upright","050",0,-0.5,-0.5
"254","L_LPstair",0.571321591213189,0.0256944767440188,0.0849721140869784,"Left","Peripheral","Upright","050",0.5,-0.5,-0.5
"255","L_RNstair",0.458976478706933,0.0931284830733747,0.303593804420695,"Right","Near","Upright","050",-0.5,0.5,-0.5
"256","L_RFstair",0.433419597288017,0.0258076719424446,0.0853041569788833,"Right","Far","Upright","050",0,0.5,-0.5
"257","L_RPstair",0.371395840070733,0.0271592663954505,0.0896055015724851,"Right","Peripheral","Upright","050",0.5,0.5,-0.5
"258","G_LNstair",0.578481531009097,0.0272479891937899,0.0896650715380826,"Left","Near","Gabor","050",-0.5,-0.5,0.5
"259","G_LFstair",0.53143702081432,0.0273258737975829,0.088206525747773,"Left","Far","Gabor","050",0,-0.5,0.5
"260","G_LPstair",0.775608186741554,0.0268847289494175,0.0891586388728194,"Left","Peripheral","Gabor","050",0.5,-0.5,0.5
"261","G_RNstair",0.613735497365633,0.0262985907735099,0.0871014744954067,"Right","Near","Gabor","050",-0.5,0.5,0.5
"262","G_RFstair",0.835055110413796,0.0321347752606427,0.101831482155875,"Right","Far","Gabor","050",0,0.5,0.5
"263","G_RPstair",0.807789803232201,0.0336251743344337,0.109759096206418,"Right","Peripheral","Gabor","050",0.5,0.5,0.5
"264","L_LNstair",0.456523708462823,0.025836712949572,0.0851502327470261,"Left","Near","Upright","054",-0.5,-0.5,-0.5
"265","L_LFstair",0.500204286301848,0.0273172591882724,0.0891125779573462,"Left","Far","Upright","054",0,-0.5,-0.5
"266","L_LPstair",0.619704663477687,0.0294807724922788,0.0952780323657884,"Left","Peripheral","Upright","054",0.5,-0.5,-0.5
"267","L_RNstair",0.259843606288555,0.0264251595882622,0.0871218465718875,"Right","Near","Upright","054",-0.5,0.5,-0.5
"268","L_RFstair",0.37870622266022,0.0266292355474007,0.0876375171577913,"Right","Far","Upright","054",0,0.5,-0.5
"269","L_RPstair",0.532885897909723,0.0260246388535858,0.0858066772723383,"Right","Peripheral","Upright","054",0.5,0.5,-0.5
"270","G_LNstair",0.727768126244021,0.0292044834292591,0.0951482917579215,"Left","Near","Gabor","054",-0.5,-0.5,0.5
"271","G_LFstair",0.509029844904686,0.0594270299479009,0.128298816937013,"Left","Far","Gabor","054",0,-0.5,0.5
"272","G_LPstair",0.752999606540889,0.026237821296517,0.0869189554244678,"Left","Peripheral","Gabor","054",0.5,-0.5,0.5
"273","G_RNstair",0.507457928079007,0.0256057770996508,0.0846193357205373,"Right","Near","Gabor","054",-0.5,0.5,0.5
"274","G_RFstair",0.394658113403396,0.0265978324289142,0.088217590404706,"Right","Far","Gabor","054",0,0.5,0.5
"275","G_RPstair",0.499049081840987,0.0258479718516762,0.0855128663960462,"Right","Peripheral","Gabor","054",0.5,0.5,0.5
"276","L_LNstair",0.190398179733662,0.0269935344683425,0.0885624049561789,"Left","Near","Upright","060",-0.5,-0.5,-0.5
"277","L_LFstair",0.211391861197511,0.0283329931927344,0.0924799070378196,"Left","Far","Upright","060",0,-0.5,-0.5
"278","L_LPstair",0.352910634635444,0.0440923002681175,0.123893163119646,"Left","Peripheral","Upright","060",0.5,-0.5,-0.5
"279","L_RNstair",0.178455979873042,0.0275548759143162,0.0906572057178219,"Right","Near","Upright","060",-0.5,0.5,-0.5
"280","L_RFstair",0.135085676914715,0.0273095585099315,0.0906852762852363,"Right","Far","Upright","060",0,0.5,-0.5
"281","L_RPstair",0.218582356696039,0.0271511446980441,0.0890042875180034,"Right","Peripheral","Upright","060",0.5,0.5,-0.5
"282","G_LNstair",0.458209747560784,0.0903210097866734,0.291919952057704,"Left","Near","Gabor","060",-0.5,-0.5,0.5
"283","G_LFstair",0.329538908830418,0.0293841748994953,0.0958704239260574,"Left","Far","Gabor","060",0,-0.5,0.5
"284","G_LPstair",0.804616375974033,0.0284589227939957,0.093388735643591,"Left","Peripheral","Gabor","060",0.5,-0.5,0.5
"285","G_RNstair",0.238813163124242,0.0269185246904677,0.0883989724047893,"Right","Near","Gabor","060",-0.5,0.5,0.5
"286","G_RFstair",0.18035367783082,0.027316506807517,0.0895202000773474,"Right","Far","Gabor","060",0,0.5,0.5
"287","G_RPstair",0.244909257592521,0.0311095600928957,0.10215006309684,"Right","Peripheral","Gabor","060",0.5,0.5,0.5
"288","L_LNstair",0.415896396915642,0.0284700082427641,0.093661765780499,"Left","Near","Upright","061",-0.5,-0.5,-0.5
"289","L_LFstair",0.237637642625939,0.0297845066323575,0.0985118823545514,"Left","Far","Upright","061",0,-0.5,-0.5
"290","L_LPstair",0.791705882302862,0.0319503055643547,0.102662842454502,"Left","Peripheral","Upright","061",0.5,-0.5,-0.5
"291","L_RNstair",0.161562709908061,0.0272183590656972,0.0898092736281998,"Right","Near","Upright","061",-0.5,0.5,-0.5
"292","L_RFstair",0.32458699837907,0.0436742153123874,0.125732015236669,"Right","Far","Upright","061",0,0.5,-0.5
"293","L_RPstair",0.589993908536099,0.0358902207759442,0.113666215760506,"Right","Peripheral","Upright","061",0.5,0.5,-0.5
"294","G_LNstair",0.671632171830514,0.0257894988239025,0.0851322763840314,"Left","Near","Gabor","061",-0.5,-0.5,0.5
"295","G_LFstair",0.631764387531817,0.0287440265801032,0.0943914515941061,"Left","Far","Gabor","061",0,-0.5,0.5
"296","G_LPstair",0.735460252230593,0.0353317445194425,0.115543667355766,"Left","Peripheral","Gabor","061",0.5,-0.5,0.5
"297","G_RNstair",0.607967679206437,0.036940555504857,0.109071858492295,"Right","Near","Gabor","061",-0.5,0.5,0.5
"298","G_RFstair",0.524573057717279,0.0263562479323612,0.0872297384547811,"Right","Far","Gabor","061",0,0.5,0.5
"299","G_RPstair",0.443515178858387,0.0270315043944911,0.089427221818837,"Right","Peripheral","Gabor","061",0.5,0.5,0.5
"300","L_LNstair",0.237276292799418,0.0266245872831224,0.0876427485859091,"Left","Near","Upright","070",-0.5,-0.5,-0.5
"301","L_LFstair",0.412410970991188,0.0264505691012963,0.0872308911311233,"Left","Far","Upright","070",0,-0.5,-0.5
"302","L_LPstair",0.564512747902911,0.0258888585489075,0.0857079870953473,"Left","Peripheral","Upright","070",0.5,-0.5,-0.5
"303","L_RNstair",0.184502627530859,0.0474740305768991,0.1548282049461,"Right","Near","Upright","070",-0.5,0.5,-0.5
"304","L_RFstair",0.364913678672841,0.115985915947196,0.380098779216755,"Right","Far","Upright","070",0,0.5,-0.5
"305","L_RPstair",0.210507028509796,0.0275612431313755,0.0907997104211057,"Right","Peripheral","Upright","070",0.5,0.5,-0.5
"306","G_LNstair",0.620803778396397,0.0259138474149371,0.085581073349711,"Left","Near","Gabor","070",-0.5,-0.5,0.5
"307","G_LFstair",0.435442584646706,0.0273295512147443,0.0906432913691037,"Left","Far","Gabor","070",0,-0.5,0.5
"308","G_LPstair",0.496975397281786,0.0258146341139523,0.0851664151421844,"Left","Peripheral","Gabor","070",0.5,-0.5,0.5
"309","G_RNstair",0.468939125430087,0.0265096732134419,0.0871891593463734,"Right","Near","Gabor","070",-0.5,0.5,0.5
"310","G_RFstair",0.45041138469357,0.0305402634547335,0.0931589416051721,"Right","Far","Gabor","070",0,0.5,0.5
"311","G_RPstair",0.80594570869815,0.0289174646098751,0.0950783585425289,"Right","Peripheral","Gabor","070",0.5,0.5,0.5
"312","L_LNstair",0.458085304064061,0.0548788392207226,0.123159644629311,"Left","Near","Upright","071",-0.5,-0.5,-0.5
"313","L_LFstair",0.554541968476876,0.0261949284026323,0.0866541374520799,"Left","Far","Upright","071",0,-0.5,-0.5
"314","L_LPstair",0.396651684502528,0.0268475081865753,0.0888423715190591,"Left","Peripheral","Upright","071",0.5,-0.5,-0.5
"315","L_RNstair",0.676754725684086,0.0272914612866303,0.0903079721797145,"Right","Near","Upright","071",-0.5,0.5,-0.5
"316","L_RFstair",0.532102049048259,0.0271397516188098,0.0895736543625075,"Right","Far","Upright","071",0,0.5,-0.5
"317","L_RPstair",0.598542998934595,0.0256367856607265,0.0849269330868677,"Right","Peripheral","Upright","071",0.5,0.5,-0.5
"318","G_LNstair",0.474723139213445,0.0260312933240834,0.0862222085289721,"Left","Near","Gabor","071",-0.5,-0.5,0.5
"319","G_LFstair",0.686953245409264,0.0286374359678244,0.09404189240531,"Left","Far","Gabor","071",0,-0.5,0.5
"320","G_LPstair",0.384906652161602,0.0277022822556243,0.0919039276378031,"Left","Peripheral","Gabor","071",0.5,-0.5,0.5
"321","G_RNstair",0.836082313449294,0.0272079457596197,0.0901804229169234,"Right","Near","Gabor","071",-0.5,0.5,0.5
"322","G_RFstair",0.503474562530579,0.0255745146954992,0.0843893455962018,"Right","Far","Gabor","071",0,0.5,0.5
"323","G_RPstair",0.388790982753767,0.118463313815419,0.385887406041422,"Right","Peripheral","Gabor","071",0.5,0.5,0.5
"324","L_LNstair",0.295724670685303,0.027520592086331,0.0912737894005918,"Left","Near","Upright","074",-0.5,-0.5,-0.5
"325","L_LFstair",0.425810258174031,0.0272382549035318,0.08998796538535,"Left","Far","Upright","074",0,-0.5,-0.5
"326","L_LPstair",0.37973397923468,0.026080525419455,0.0862052960191067,"Left","Peripheral","Upright","074",0.5,-0.5,-0.5
"327","L_RNstair",0.245525974424207,0.0275222027410689,0.0912111636576354,"Right","Near","Upright","074",-0.5,0.5,-0.5
"328","L_RFstair",0.201770370010938,0.0294085638307978,0.0967859097857177,"Right","Far","Upright","074",0,0.5,-0.5
"329","L_RPstair",0.359827983151301,0.0274628879130921,0.0896642442510726,"Right","Peripheral","Upright","074",0.5,0.5,-0.5
"330","G_LNstair",0.473296630796834,0.0264674502667219,0.0878172128598306,"Left","Near","Gabor","074",-0.5,-0.5,0.5
"331","G_LFstair",0.330209726709096,0.0275014350706835,0.0898702160618398,"Left","Far","Gabor","074",0,-0.5,0.5
"332","G_LPstair",0.33649657322765,0.0341713239432993,0.100256026665389,"Left","Peripheral","Gabor","074",0.5,-0.5,0.5
"333","G_RNstair",0.532512119983079,0.0451181070363373,0.121247965241617,"Right","Near","Gabor","074",-0.5,0.5,0.5
"334","G_RFstair",0.196355998766714,0.0393791306362423,0.129205083647037,"Right","Far","Gabor","074",0,0.5,0.5
"335","G_RPstair",0.594486164294127,0.02638570554478,0.0875557783461781,"Right","Peripheral","Gabor","074",0.5,0.5,0.5
"336","L_LNstair",0.424212982371436,0.0863353402130535,0.284058099051387,"Left","Near","Upright","075",-0.5,-0.5,-0.5
"337","L_LFstair",0.52028553203033,0.0328624260678633,0.0984271339142459,"Left","Far","Upright","075",0,-0.5,-0.5
"338","L_LPstair",0.343785306319092,0.0265418550679161,0.0880797438822498,"Left","Peripheral","Upright","075",0.5,-0.5,-0.5
"339","L_RNstair",0.322220701101123,0.0267565575510789,0.0885305082187763,"Right","Near","Upright","075",-0.5,0.5,-0.5
"340","L_RFstair",0.514069908036672,0.0276762863537068,0.0907798841205009,"Right","Far","Upright","075",0,0.5,-0.5
"341","L_RPstair",0.467411852099412,0.0254770281864925,0.0843290060483929,"Right","Peripheral","Upright","075",0.5,0.5,-0.5
"342","G_LNstair",0.656983636692357,0.0319946457321876,0.103147090850194,"Left","Near","Gabor","075",-0.5,-0.5,0.5
"343","G_LFstair",0.544792439072042,0.0480690450239491,0.133847280003444,"Left","Far","Gabor","075",0,-0.5,0.5
"344","G_LPstair",0.443336765916921,0.0531233189704484,0.128550304766517,"Left","Peripheral","Gabor","075",0.5,-0.5,0.5
"345","G_RNstair",0.660085475286451,0.0281775977909454,0.0920870676049582,"Right","Near","Gabor","075",-0.5,0.5,0.5
"346","G_RFstair",0.907433870847384,0.0275551352407708,0.0909782168482123,"Right","Far","Gabor","075",0,0.5,0.5
"347","L_LNstair",0.236758079918557,0.0268076972433489,0.0886962548901019,"Left","Near","Upright","080",-0.5,-0.5,-0.5
"348","L_LFstair",0.63668520099234,0.0265811797168177,0.0877950030222906,"Left","Far","Upright","080",0,-0.5,-0.5
"349","L_LPstair",0.515985174990767,0.0269201516512758,0.08814955634697,"Left","Peripheral","Upright","080",0.5,-0.5,-0.5
"350","L_RNstair",0.216338619662188,0.0269395092071061,0.0892672707799045,"Right","Near","Upright","080",-0.5,0.5,-0.5
"351","L_RFstair",0.260251436024734,0.0365066765598715,0.116464311669939,"Right","Far","Upright","080",0,0.5,-0.5
"352","L_RPstair",0.275090816738983,0.0304548913577543,0.0991918182900334,"Right","Peripheral","Upright","080",0.5,0.5,-0.5
"353","G_LNstair",0.47605433181072,0.02727843919401,0.090213004209529,"Left","Near","Gabor","080",-0.5,-0.5,0.5
"354","G_LFstair",0.753243274816583,0.0273253269249987,0.090420183727617,"Left","Far","Gabor","080",0,-0.5,0.5
"355","G_LPstair",0.677731688232609,0.0453136262881745,0.139102898844747,"Left","Peripheral","Gabor","080",0.5,-0.5,0.5
"356","G_RNstair",0.553191975176746,0.0276730421298356,0.0903366820471787,"Right","Near","Gabor","080",-0.5,0.5,0.5
"357","G_RFstair",0.363108317052021,0.0272143660246093,0.0899168778013769,"Right","Far","Gabor","080",0,0.5,0.5
"358","G_RPstair",0.452560340412709,0.0313447271210092,0.0950174630488066,"Right","Peripheral","Gabor","080",0.5,0.5,0.5
"359","L_LNstair",0.26634517705545,0.0269142686519508,0.0891629816840828,"Left","Near","Upright","083",-0.5,-0.5,-0.5
"360","L_LFstair",0.529235371219929,0.0262437313361088,0.0865620687371255,"Left","Far","Upright","083",0,-0.5,-0.5
"361","L_LPstair",0.605480892778887,0.0290068907327305,0.0955524983290416,"Left","Peripheral","Upright","083",0.5,-0.5,-0.5
"362","L_RNstair",0.289802938142167,0.030572811630747,0.100131526603233,"Right","Near","Upright","083",-0.5,0.5,-0.5
"363","L_RFstair",0.194036425236402,0.0268731858099425,0.0892710580196011,"Right","Far","Upright","083",0,0.5,-0.5
"364","L_RPstair",0.5050298225926,0.0255676157536715,0.0844375915083267,"Right","Peripheral","Upright","083",0.5,0.5,-0.5
"365","G_LNstair",0.638427009232066,0.0260409986805881,0.0860656803893385,"Left","Near","Gabor","083",-0.5,-0.5,0.5
"366","G_LPstair",0.719457282298785,0.0261432025769157,0.0863709659733186,"Left","Peripheral","Gabor","083",0.5,-0.5,0.5
"367","G_RNstair",0.714794273369101,0.0261401985145759,0.0866445022536141,"Right","Near","Gabor","083",-0.5,0.5,0.5
"368","G_RFstair",0.891314882181673,0.0265350621341158,0.0873871960032813,"Right","Far","Gabor","083",0,0.5,0.5
"369","G_RPstair",0.707061747363809,0.0277785136101,0.0915673000241405,"Right","Peripheral","Gabor","083",0.5,0.5,0.5
"370","L_LNstair",0.209164491963674,0.0273089727701925,0.0894635271123346,"Left","Near","Upright","084",-0.5,-0.5,-0.5
"371","L_LFstair",0.206623225357228,0.0271342487203916,0.0898523512747927,"Left","Far","Upright","084",0,-0.5,-0.5
"372","L_LPstair",0.31320325250597,0.0905010338477207,0.311295029121247,"Left","Peripheral","Upright","084",0.5,-0.5,-0.5
"373","L_RNstair",0.207081004720252,0.0270264891261912,0.0891828226236426,"Right","Near","Upright","084",-0.5,0.5,-0.5
"374","L_RFstair",0.240428172846353,0.0272462310122618,0.0893099558804606,"Right","Far","Upright","084",0,0.5,-0.5
"375","L_RPstair",0.424767392592571,0.0503021552363687,0.128021994173891,"Right","Peripheral","Upright","084",0.5,0.5,-0.5
"376","G_LNstair",0.443028147711215,0.0263420037491311,0.0873380374521385,"Left","Near","Gabor","084",-0.5,-0.5,0.5
"377","G_LFstair",0.367718046683874,0.0265649724897678,0.0875199284706041,"Left","Far","Gabor","084",0,-0.5,0.5
"378","G_LPstair",0.46765964245596,0.0256887006488762,0.0849716952651844,"Left","Peripheral","Gabor","084",0.5,-0.5,0.5
"379","G_RNstair",0.373953612919081,0.0830946898350808,0.253482686431828,"Right","Near","Gabor","084",-0.5,0.5,0.5
"380","G_RFstair",0.2308916207765,0.0325138667603908,0.106746320290078,"Right","Far","Gabor","084",0,0.5,0.5
"381","G_RPstair",0.309453565507138,0.0272292747164958,0.0891911916866024,"Right","Peripheral","Gabor","084",0.5,0.5,0.5
"382","L_LNstair",0.735362503979618,0.0274876251362063,0.0911112371135967,"Left","Near","Upright","086",-0.5,-0.5,-0.5
"383","L_LFstair",0.515578947700817,0.0605253363973034,0.14241709420474,"Left","Far","Upright","086",0,-0.5,-0.5
"384","L_LPstair",0.405255172548439,0.0377826141469515,0.121079164594929,"Left","Peripheral","Upright","086",0.5,-0.5,-0.5
"385","L_RNstair",0.511960910478698,0.0262885692826183,0.0868180083663222,"Right","Near","Upright","086",-0.5,0.5,-0.5
"386","L_RFstair",0.576546043183759,0.0257929205298118,0.0849743904497499,"Right","Far","Upright","086",0,0.5,-0.5
"387","L_RPstair",0.753283645989417,0.0285607454608931,0.0940717615238855,"Right","Peripheral","Upright","086",0.5,0.5,-0.5
"388","G_LNstair",0.369821345640645,0.0263975846311998,0.0870288339336964,"Left","Near","Gabor","086",-0.5,-0.5,0.5
"389","G_LFstair",0.506716272381052,0.0258836618528902,0.0852497920182095,"Left","Far","Gabor","086",0,-0.5,0.5
"390","G_LPstair",0.346493662097631,0.0275605986296704,0.0911507140685041,"Left","Peripheral","Gabor","086",0.5,-0.5,0.5
"391","G_RNstair",0.576948499142198,0.0260850914961529,0.0860168029405559,"Right","Near","Gabor","086",-0.5,0.5,0.5
"392","G_RFstair",0.45958726589677,0.030080693211701,0.0967126305981391,"Right","Far","Gabor","086",0,0.5,0.5
"393","G_RPstair",0.610235466289942,0.028650438675798,0.0930408498998087,"Right","Peripheral","Gabor","086",0.5,0.5,0.5
"394","L_LNstair",0.453592740609426,0.0306885030939369,0.093465296086381,"Left","Near","Upright","087",-0.5,-0.5,-0.5
"395","L_LFstair",0.468153054930985,0.0306428887833982,0.09250458095192,"Left","Far","Upright","087",0,-0.5,-0.5
"396","L_LPstair",0.515828571743665,0.0321521960091864,0.0961363762217688,"Left","Peripheral","Upright","087",0.5,-0.5,-0.5
"397","L_RNstair",0.333948984641242,0.0266769772334465,0.0885909878876762,"Right","Near","Upright","087",-0.5,0.5,-0.5
"398","L_RFstair",0.389998424668599,0.0266758792737999,0.0877355325540123,"Right","Far","Upright","087",0,0.5,-0.5
"399","L_RPstair",0.405195040930619,0.0267395952464452,0.0886738387004973,"Right","Peripheral","Upright","087",0.5,0.5,-0.5
"400","G_LNstair",0.355541020433993,0.0263240767573138,0.0872175344796428,"Left","Near","Gabor","087",-0.5,-0.5,0.5
"401","G_LFstair",0.519099685783788,0.0328585879009553,0.0960236869786676,"Left","Far","Gabor","087",0,-0.5,0.5
"402","G_LPstair",0.586374159184785,0.035867363205649,0.11705317658654,"Left","Peripheral","Gabor","087",0.5,-0.5,0.5
"403","G_RNstair",0.533353888761324,0.0272642827927893,0.089859198116795,"Right","Near","Gabor","087",-0.5,0.5,0.5
"404","G_RFstair",0.417549691125286,0.0296539613375216,0.097106703298971,"Right","Far","Gabor","087",0,0.5,0.5
"405","G_RPstair",0.488337047507684,0.0256513797649216,0.084947886452943,"Right","Peripheral","Gabor","087",0.5,0.5,0.5
"406","L_LNstair",0.499153409153601,0.0263174882574064,0.086833396523744,"Left","Near","Upright","089",-0.5,-0.5,-0.5
"407","L_LFstair",0.458434443642711,0.0257052173201966,0.0851223353391529,"Left","Far","Upright","089",0,-0.5,-0.5
"408","L_LPstair",0.632575834041509,0.0260207536756778,0.0860323321086028,"Left","Peripheral","Upright","089",0.5,-0.5,-0.5
"409","L_RNstair",0.162499275289665,0.0277693761472386,0.0917476900165231,"Right","Near","Upright","089",-0.5,0.5,-0.5
"410","L_RFstair",0.118444848744763,0.058082184633108,0.193882032550447,"Right","Far","Upright","089",0,0.5,-0.5
"411","L_RPstair",0.197065247176456,0.0270872254503111,0.0895317328085113,"Right","Peripheral","Upright","089",0.5,0.5,-0.5
"412","G_LNstair",0.860042121029341,0.0296972066195485,0.0981744862186529,"Left","Near","Gabor","089",-0.5,-0.5,0.5
"413","G_RNstair",0.478315895315252,0.0256122372746783,0.0848637368056884,"Right","Near","Gabor","089",-0.5,0.5,0.5
"414","G_RFstair",0.519298242209039,0.0454198273752659,0.11619929805106,"Right","Far","Gabor","089",0,0.5,0.5
"415","G_RPstair",0.914868959332217,0.0274382322707044,0.0912560666866832,"Right","Peripheral","Gabor","089",0.5,0.5,0.5
"416","L_LNstair",0.310532329715292,0.0265477790232906,0.0873891896721243,"Left","Near","Upright","090",-0.5,-0.5,-0.5
"417","L_LFstair",0.690476058450913,0.027612775594585,0.0909495685192655,"Left","Far","Upright","090",0,-0.5,-0.5
"418","L_LPstair",0.795115536546176,0.0267432472971725,0.0887571470997459,"Left","Peripheral","Upright","090",0.5,-0.5,-0.5
"419","L_RNstair",0.283233536793753,0.0292640804153586,0.0953220631367842,"Right","Near","Upright","090",-0.5,0.5,-0.5
"420","L_RFstair",0.169154164814184,0.0271449697476396,0.088987951500676,"Right","Far","Upright","090",0,0.5,-0.5
"421","L_RPstair",0.294569151793482,0.0271089892148883,0.0898792719298415,"Right","Peripheral","Upright","090",0.5,0.5,-0.5
"422","G_LNstair",0.845105950711003,0.0261868258502812,0.0867965530928785,"Left","Near","Gabor","090",-0.5,-0.5,0.5
"423","G_LFstair",0.814278662776599,0.0281726081765568,0.0933284829704917,"Left","Far","Gabor","090",0,-0.5,0.5
"424","G_LPstair",0.774658367703834,0.0269351630929927,0.0894529506242123,"Left","Peripheral","Gabor","090",0.5,-0.5,0.5
"425","G_RNstair",0.540076055415764,0.0308189696945082,0.0974114172150711,"Right","Near","Gabor","090",-0.5,0.5,0.5
"426","G_RFstair",0.50370429922722,0.0321957549687101,0.0959428201542574,"Right","Far","Gabor","090",0,0.5,0.5
"427","G_RPstair",0.579417823363569,0.0260029265520447,0.0859863703843736,"Right","Peripheral","Gabor","090",0.5,0.5,0.5
"428","L_LNstair",0.407453930627325,0.123715095658407,0.404156579246314,"Left","Near","Upright","092",-0.5,-0.5,-0.5
"429","L_LFstair",0.542493042484827,0.026076992463059,0.0858460779182851,"Left","Far","Upright","092",0,-0.5,-0.5
"430","L_LPstair",0.533045378266377,0.0260047476875815,0.0857239725800503,"Left","Peripheral","Upright","092",0.5,-0.5,-0.5
"431","L_RNstair",0.388478913303603,0.0260712663311115,0.0861269198025427,"Right","Near","Upright","092",-0.5,0.5,-0.5
"432","L_RFstair",0.378614186972856,0.0303102086698128,0.100265610998401,"Right","Far","Upright","092",0,0.5,-0.5
"433","L_RPstair",0.38686433490741,0.0287481780257246,0.0946725553879842,"Right","Peripheral","Upright","092",0.5,0.5,-0.5
"434","G_LNstair",0.682146334057719,0.0264260916614957,0.0874663034544199,"Left","Near","Gabor","092",-0.5,-0.5,0.5
"435","G_LFstair",0.945059765449594,0.0250107454757561,0.0832996365989185,"Left","Far","Gabor","092",0,-0.5,0.5
"436","G_LPstair",0.578365720413938,0.0259746676730581,0.0858610708461034,"Left","Peripheral","Gabor","092",0.5,-0.5,0.5
"437","G_RNstair",0.873015757224114,0.0384472197483988,0.11673140299453,"Right","Near","Gabor","092",-0.5,0.5,0.5
"438","G_RFstair",0.46225553733613,0.0269935378808803,0.0894705529273049,"Right","Far","Gabor","092",0,0.5,0.5
"439","G_RPstair",0.783843108536152,0.0265775215061436,0.0882394063639249,"Right","Peripheral","Gabor","092",0.5,0.5,0.5
"440","L_LNstair",0.22045816675434,0.0272111858861115,0.0891685403743259,"Left","Near","Upright","094",-0.5,-0.5,-0.5
"441","L_LFstair",0.162847130228297,0.0271825161835204,0.0902181992095721,"Left","Far","Upright","094",0,-0.5,-0.5
"442","L_LPstair",0.22907476735628,0.0283844670290756,0.0927221035424055,"Left","Peripheral","Upright","094",0.5,-0.5,-0.5
"443","L_RNstair",0.275946834289421,0.0292070527203821,0.096294744809623,"Right","Near","Upright","094",-0.5,0.5,-0.5
"444","L_RFstair",0.18146750980696,0.0353013160049689,0.116010122673661,"Right","Far","Upright","094",0,0.5,-0.5
"445","L_RPstair",0.504534797415192,0.026244775518097,0.0870385750979236,"Right","Peripheral","Upright","094",0.5,0.5,-0.5
"446","G_LNstair",0.419894192408094,0.0261787249629935,0.0864597260322696,"Left","Near","Gabor","094",-0.5,-0.5,0.5
"447","G_LFstair",0.680631118959999,0.0279209700631437,0.0919700721888043,"Left","Far","Gabor","094",0,-0.5,0.5
"448","G_LPstair",0.624855398371302,0.0291790992224605,0.0949993054212273,"Left","Peripheral","Gabor","094",0.5,-0.5,0.5
"449","G_RNstair",0.585352930621413,0.0279455805437144,0.092492455899216,"Right","Near","Gabor","094",-0.5,0.5,0.5
"450","G_RFstair",0.5743814840056,0.0260251926439269,0.0862284424356056,"Right","Far","Gabor","094",0,0.5,0.5
"451","G_RPstair",0.537076161715364,0.0271450239792403,0.0898432911876657,"Right","Peripheral","Gabor","094",0.5,0.5,0.5
"452","L_LNstair",0.27341052652292,0.0267586638622632,0.0888585363365438,"Left","Near","Upright","095",-0.5,-0.5,-0.5
"453","L_LFstair",0.332243119319747,0.0263209282064633,0.0870256297805715,"Left","Far","Upright","095",0,-0.5,-0.5
"454","L_LPstair",0.550813978867042,0.0294100116795808,0.0959777721542133,"Left","Peripheral","Upright","095",0.5,-0.5,-0.5
"455","L_RNstair",0.255172296759965,0.0270428994104827,0.0897516608659946,"Right","Near","Upright","095",-0.5,0.5,-0.5
"456","L_RFstair",0.374595645221337,0.0298035909371496,0.0979208559257185,"Right","Far","Upright","095",0,0.5,-0.5
"457","L_RPstair",0.436387091701652,0.0505696534225124,0.120857075440364,"Right","Peripheral","Upright","095",0.5,0.5,-0.5
"458","G_LNstair",0.827766578171808,0.0324255136148055,0.103361019696482,"Left","Near","Gabor","095",-0.5,-0.5,0.5
"459","G_LFstair",0.671041498383397,0.0268783586950598,0.0882500885548041,"Left","Far","Gabor","095",0,-0.5,0.5
"460","G_LPstair",0.785814431037348,0.0268796093784769,0.0890293505540519,"Left","Peripheral","Gabor","095",0.5,-0.5,0.5
"461","G_RNstair",0.459624187583267,0.0265973934923318,0.0875599921990131,"Right","Near","Gabor","095",-0.5,0.5,0.5
"462","G_RFstair",0.545916807984225,0.0261909024660906,0.0866829712369506,"Right","Far","Gabor","095",0,0.5,0.5
"463","G_RPstair",0.539804128878853,0.0258079025708053,0.0854230488774326,"Right","Peripheral","Gabor","095",0.5,0.5,0.5
"464","L_LNstair",0.206270901069035,0.042113065448979,0.136169758373982,"Left","Near","Upright","096",-0.5,-0.5,-0.5
"465","L_LFstair",0.196199054811668,0.0285834486352853,0.0942091152379897,"Left","Far","Upright","096",0,-0.5,-0.5
"466","L_LPstair",0.389028710252697,0.0271024564465767,0.0888951580597731,"Left","Peripheral","Upright","096",0.5,-0.5,-0.5
"467","L_RNstair",0.19610135178409,0.034375315713327,0.111543489436187,"Right","Near","Upright","096",-0.5,0.5,-0.5
"468","L_RFstair",0.142625504204713,0.0271055614366665,0.0898712215129898,"Right","Far","Upright","096",0,0.5,-0.5
"469","L_RPstair",0.506244510533477,0.0292601019065628,0.0932603564861727,"Right","Peripheral","Upright","096",0.5,0.5,-0.5
"470","G_LNstair",0.805241090546375,0.0268203928645719,0.0890086512563275,"Left","Near","Gabor","096",-0.5,-0.5,0.5
"471","G_LFstair",0.585026253198781,0.0256507638067586,0.0847723509870806,"Left","Far","Gabor","096",0,-0.5,0.5
"472","G_LPstair",0.478893888394212,0.0263697097912576,0.0868061288347882,"Left","Peripheral","Gabor","096",0.5,-0.5,0.5
"473","G_RNstair",0.6056471948584,0.0259004544681394,0.0856600053389138,"Right","Near","Gabor","096",-0.5,0.5,0.5
"474","G_RFstair",0.305782725542719,0.0903589290664465,0.309652800191701,"Right","Far","Gabor","096",0,0.5,0.5
"475","G_RPstair",0.701100311725698,0.0272762124138211,0.0895462083220058,"Right","Peripheral","Gabor","096",0.5,0.5,0.5
"476","L_LNstair",0.659891699374815,0.0263573197306401,0.0869088863484989,"Left","Near","Upright","097",-0.5,-0.5,-0.5
"477","L_LFstair",0.577562821134497,0.0289958248524172,0.0943170318419853,"Left","Far","Upright","097",0,-0.5,-0.5
"478","L_LPstair",0.710389125681153,0.0265475305183696,0.0873866646579222,"Left","Peripheral","Upright","097",0.5,-0.5,-0.5
"479","L_RNstair",0.322310484898585,0.02718926954882,0.090155535336958,"Right","Near","Upright","097",-0.5,0.5,-0.5
"480","L_RFstair",0.483495195151561,0.0258706341700183,0.0855087681086671,"Right","Far","Upright","097",0,0.5,-0.5
"481","L_RPstair",0.425205195144426,0.0274885300891772,0.0912519188042729,"Right","Peripheral","Upright","097",0.5,0.5,-0.5
"482","G_LNstair",0.649450402254358,0.025848594018948,0.0855584472636798,"Left","Near","Gabor","097",-0.5,-0.5,0.5
"483","G_LFstair",0.606371454799705,0.0415419399273167,0.132503068815777,"Left","Far","Gabor","097",0,-0.5,0.5
"484","G_LPstair",0.562862754730967,0.0296012885524137,0.0973023824533107,"Left","Peripheral","Gabor","097",0.5,-0.5,0.5
"485","G_RNstair",0.461641819992872,0.0256778778602498,0.0848015404685704,"Right","Near","Gabor","097",-0.5,0.5,0.5
"486","G_RFstair",0.393548269516264,0.0264372723185517,0.0877344017822027,"Right","Far","Gabor","097",0,0.5,0.5
"487","G_RPstair",0.558551755390639,0.0257266203227875,0.0851889573994938,"Right","Peripheral","Gabor","097",0.5,0.5,0.5
"488","L_LNstair",0.518265353293224,0.0259954118455634,0.0858615473624322,"Left","Near","Upright","100",-0.5,-0.5,-0.5
"489","L_LFstair",0.232130385843601,0.0274813305013453,0.0910745862389579,"Left","Far","Upright","100",0,-0.5,-0.5
"490","L_LPstair",0.667076471051859,0.0267455387088506,0.0883837075633168,"Left","Peripheral","Upright","100",0.5,-0.5,-0.5
"491","L_RNstair",0.241109310698231,0.0267937336645374,0.0884014752265463,"Right","Near","Upright","100",-0.5,0.5,-0.5
"492","L_RFstair",0.308267677400406,0.0284116070753998,0.093539065283756,"Right","Far","Upright","100",0,0.5,-0.5
"493","L_RPstair",0.517943207758165,0.0270553991913912,0.0891611353885691,"Right","Peripheral","Upright","100",0.5,0.5,-0.5
"494","G_LNstair",0.552965442368445,0.0261849452745141,0.0867150391594156,"Left","Near","Gabor","100",-0.5,-0.5,0.5
"495","G_LFstair",0.575612371816979,0.0259160337056354,0.0855273811441405,"Left","Far","Gabor","100",0,-0.5,0.5
"496","G_LPstair",0.510638815742587,0.031569402927524,0.103846449476914,"Left","Peripheral","Gabor","100",0.5,-0.5,0.5
"497","G_RNstair",0.72791887542473,0.0262328715792617,0.0864671135548032,"Right","Near","Gabor","100",-0.5,0.5,0.5
"498","G_RFstair",0.708322910756076,0.0276057476909969,0.0902543392035946,"Right","Far","Gabor","100",0,0.5,0.5
"499","L_LNstair",0.221717107515802,0.0266367715738538,0.0880358968007052,"Left","Near","Upright","101",-0.5,-0.5,-0.5
"500","L_LFstair",0.155036815916187,0.0271066863070441,0.0900083010662909,"Left","Far","Upright","101",0,-0.5,-0.5
"501","L_LPstair",0.279412779119301,0.0287325483088088,0.0948464052504107,"Left","Peripheral","Upright","101",0.5,-0.5,-0.5
"502","L_RNstair",0.167231253408448,0.0276075885812656,0.0910012158559098,"Right","Near","Upright","101",-0.5,0.5,-0.5
"503","L_RFstair",0.110384618585243,0.0277047988567442,0.0908521840799253,"Right","Far","Upright","101",0,0.5,-0.5
"504","L_RPstair",0.466584969046465,0.0400746544299411,0.105297208671427,"Right","Peripheral","Upright","101",0.5,0.5,-0.5
"505","G_LNstair",0.726370236255188,0.0267545995170068,0.0885986073774202,"Left","Near","Gabor","101",-0.5,-0.5,0.5
"506","G_LFstair",0.89689473964476,0.0267435921175789,0.0884429054369712,"Left","Far","Gabor","101",0,-0.5,0.5
"507","G_LPstair",0.81878081991681,0.0266561120436439,0.0877063453472329,"Left","Peripheral","Gabor","101",0.5,-0.5,0.5
"508","G_RNstair",0.472602059326576,0.0270501483082385,0.0884311024356506,"Right","Near","Gabor","101",-0.5,0.5,0.5
"509","G_RFstair",0.46269459567247,0.0262546256598274,0.0865576325418471,"Right","Far","Gabor","101",0,0.5,0.5
"510","G_RPstair",0.585024589106491,0.0276634182367047,0.091615863934204,"Right","Peripheral","Gabor","101",0.5,0.5,0.5
"511","L_LNstair",0.25654012285769,0.0271189600676798,0.0897256057059967,"Left","Near","Upright","102",-0.5,-0.5,-0.5
"512","L_LFstair",0.368342388856871,0.0260430327216843,0.0860464530464618,"Left","Far","Upright","102",0,-0.5,-0.5
"513","L_LPstair",0.569359318086342,0.0257526016441396,0.0852723462936097,"Left","Peripheral","Upright","102",0.5,-0.5,-0.5
"514","L_RNstair",0.256869189884941,0.0277531844371219,0.0918075985489492,"Right","Near","Upright","102",-0.5,0.5,-0.5
"515","L_RFstair",0.383327873647024,0.0283006247918953,0.0932921237301125,"Right","Far","Upright","102",0,0.5,-0.5
"516","L_RPstair",0.309188049394914,0.0283804821327972,0.093476256008696,"Right","Peripheral","Upright","102",0.5,0.5,-0.5
"517","G_LFstair",0.802884447564848,0.0312594863848581,0.102791388119999,"Left","Far","Gabor","102",0,-0.5,0.5
"518","G_RNstair",0.402955166685527,0.0294620599322618,0.0970389363138306,"Right","Near","Gabor","102",-0.5,0.5,0.5
"519","G_RFstair",0.476488733434912,0.0309084232173302,0.0934456247970871,"Right","Far","Gabor","102",0,0.5,0.5
"520","G_RPstair",0.626350545213066,0.0260021379537033,0.0858626405761481,"Right","Peripheral","Gabor","102",0.5,0.5,0.5
"521","L_LNstair",0.263816522431113,0.0281553560503415,0.0930105008138207,"Left","Near","Upright","103",-0.5,-0.5,-0.5
"522","L_LFstair",0.254996429502205,0.0267682054117798,0.0888812621545355,"Left","Far","Upright","103",0,-0.5,-0.5
"523","L_LPstair",0.332303508155896,0.0473834716583824,0.142116813247799,"Left","Peripheral","Upright","103",0.5,-0.5,-0.5
"524","L_RNstair",0.197619356879697,0.0268414519555776,0.0883548280598145,"Right","Near","Upright","103",-0.5,0.5,-0.5
"525","L_RFstair",0.137890822726307,0.0271165382632603,0.0892413144795051,"Right","Far","Upright","103",0,0.5,-0.5
"526","L_RPstair",0.487722650899904,0.0553978075178564,0.126234234021554,"Right","Peripheral","Upright","103",0.5,0.5,-0.5
"527","G_LNstair",0.683150851678239,0.0367880113597197,0.118900343717365,"Left","Near","Gabor","103",-0.5,-0.5,0.5
"528","G_LFstair",0.555037111116128,0.032732558993355,0.103860392145876,"Left","Far","Gabor","103",0,-0.5,0.5
"529","G_LPstair",0.397944252200625,0.0259232437128162,0.0856414433093276,"Left","Peripheral","Gabor","103",0.5,-0.5,0.5
"530","G_RNstair",0.381068291760451,0.0271277833730408,0.0893664813922382,"Right","Near","Gabor","103",-0.5,0.5,0.5
"531","G_RPstair",0.438094341658517,0.0403468846768067,0.111086274599564,"Right","Peripheral","Gabor","103",0.5,0.5,0.5
"532","L_LNstair",0.223814508747393,0.0278040699602357,0.091957100403391,"Left","Near","Upright","105",-0.5,-0.5,-0.5
"533","L_LFstair",0.281896967744122,0.0653487044602332,0.209573344231647,"Left","Far","Upright","105",0,-0.5,-0.5
"534","L_LPstair",0.185545461440057,0.0718900855095432,0.242868261789377,"Left","Peripheral","Upright","105",0.5,-0.5,-0.5
"535","L_RNstair",0.166748090499209,0.0445161040541089,0.145566673548994,"Right","Near","Upright","105",-0.5,0.5,-0.5
"536","L_RFstair",0.251401698739622,0.0335667219436249,0.108935257452235,"Right","Far","Upright","105",0,0.5,-0.5
"537","L_RPstair",0.298549818253551,0.0264227073165911,0.0870792089869926,"Right","Peripheral","Upright","105",0.5,0.5,-0.5
"538","G_LNstair",0.527528678045012,0.0255777440894163,0.0845609267636616,"Left","Near","Gabor","105",-0.5,-0.5,0.5
"539","G_LFstair",0.389278607582502,0.122799612556991,0.39905373155082,"Left","Far","Gabor","105",0,-0.5,0.5
"540","G_LPstair",0.267941509108628,0.0374112526590697,0.118724250478691,"Left","Peripheral","Gabor","105",0.5,-0.5,0.5
"541","G_RNstair",0.471533292110523,0.0261821819938384,0.0862484524864231,"Right","Near","Gabor","105",-0.5,0.5,0.5
"542","G_RFstair",0.302596003623883,0.0266141004112779,0.0882110535236447,"Right","Far","Gabor","105",0,0.5,0.5
"543","G_RPstair",0.273055527046765,0.0318967827006097,0.103597844588927,"Right","Peripheral","Gabor","105",0.5,0.5,0.5
"544","L_LNstair",0.465460282556096,0.0913922612373097,0.292766844133822,"Left","Near","Upright","108",-0.5,-0.5,-0.5
"545","L_LFstair",0.318889062932625,0.0285800498689838,0.094176849521619,"Left","Far","Upright","108",0,-0.5,-0.5
"546","L_LPstair",0.378681496736386,0.0261938111319139,0.0864928358677778,"Left","Peripheral","Upright","108",0.5,-0.5,-0.5
"547","L_RNstair",0.271110779471364,0.0286664989318105,0.0935226219458881,"Right","Near","Upright","108",-0.5,0.5,-0.5
"548","L_RFstair",0.337643886818896,0.0261728623095521,0.0863173542680033,"Right","Far","Upright","108",0,0.5,-0.5
"549","L_RPstair",0.415078299339059,0.0259999275474812,0.0861209378708404,"Right","Peripheral","Upright","108",0.5,0.5,-0.5
"550","G_LNstair",0.557132064081128,0.0255498250943201,0.0844380151489781,"Left","Near","Gabor","108",-0.5,-0.5,0.5
"551","G_LFstair",0.758508376779927,0.027035920270662,0.0888480954678494,"Left","Far","Gabor","108",0,-0.5,0.5
"552","G_LPstair",0.419022065456365,0.0423330247605382,0.123264695575501,"Left","Peripheral","Gabor","108",0.5,-0.5,0.5
"553","G_RNstair",0.233767366271214,0.0271476759875345,0.0901652356043967,"Right","Near","Gabor","108",-0.5,0.5,0.5
"554","G_RFstair",0.203128509939731,0.0269469259205286,0.089437983384092,"Right","Far","Gabor","108",0,0.5,0.5
"555","G_RPstair",0.246109809553719,0.0273308469484953,0.0905606386713862,"Right","Peripheral","Gabor","108",0.5,0.5,0.5
"556","L_LNstair",0.175454607731895,0.0286175870055685,0.0943433834614693,"Left","Near","Upright","112",-0.5,-0.5,-0.5
"557","L_LFstair",0.416697403322738,0.0259846311443473,0.0856691492985445,"Left","Far","Upright","112",0,-0.5,-0.5
"558","L_LPstair",0.526295965842275,0.0273234792249828,0.0896828526502425,"Left","Peripheral","Upright","112",0.5,-0.5,-0.5
"559","L_RNstair",0.218973828647511,0.0283684970851536,0.0928163057487884,"Right","Near","Upright","112",-0.5,0.5,-0.5
"560","L_RFstair",0.238018388290357,0.0290153644660566,0.094997603940332,"Right","Far","Upright","112",0,0.5,-0.5
"561","L_RPstair",0.158032277022068,0.0283104606858622,0.0931418350692181,"Right","Peripheral","Upright","112",0.5,0.5,-0.5
"562","G_LNstair",0.566311995591191,0.0538972970641568,0.156239133872326,"Left","Near","Gabor","112",-0.5,-0.5,0.5
"563","G_LFstair",0.865373793962235,0.0264639344932621,0.087771706689927,"Left","Far","Gabor","112",0,-0.5,0.5
"564","G_LPstair",0.62388430051172,0.0304105289162273,0.0981765400744213,"Left","Peripheral","Gabor","112",0.5,-0.5,0.5
"565","G_RNstair",0.383196784391909,0.0261367717539014,0.0865599741607215,"Right","Near","Gabor","112",-0.5,0.5,0.5
"566","G_RFstair",0.478960120193709,0.0583206723013483,0.137246608021469,"Right","Far","Gabor","112",0,0.5,0.5
"567","G_RPstair",0.318840385218748,0.0276995508005249,0.0909101670273131,"Right","Peripheral","Gabor","112",0.5,0.5,0.5
"568","L_LNstair",0.239204254090008,0.0365383867527657,0.113648641532539,"Left","Near","Upright","113",-0.5,-0.5,-0.5
"569","L_LFstair",0.294967777414333,0.035085059282634,0.108621789497032,"Left","Far","Upright","113",0,-0.5,-0.5
"570","L_LPstair",0.254532895301213,0.0267708009401019,0.0889251587156077,"Left","Peripheral","Upright","113",0.5,-0.5,-0.5
"571","L_RNstair",0.505292865985772,0.0256123538106596,0.0845871435457404,"Right","Near","Upright","113",-0.5,0.5,-0.5
"572","L_RFstair",0.524391886976561,0.0260898179208921,0.0864231223734289,"Right","Far","Upright","113",0,0.5,-0.5
"573","L_RPstair",0.471305597215878,0.0259922569345477,0.0858133889237935,"Right","Peripheral","Upright","113",0.5,0.5,-0.5
"574","G_LNstair",0.550123400855066,0.0280038075320726,0.0902284785635457,"Left","Near","Gabor","113",-0.5,-0.5,0.5
"575","G_LFstair",0.205844922838951,0.0274513370354592,0.0910185494865715,"Left","Far","Gabor","113",0,-0.5,0.5
"576","G_LPstair",0.515268918368558,0.0273364229876128,0.089639214394522,"Left","Peripheral","Gabor","113",0.5,-0.5,0.5
"577","G_RNstair",0.402986188722366,0.0261056556663825,0.0863832591017206,"Right","Near","Gabor","113",-0.5,0.5,0.5
"578","G_RFstair",0.841729045034741,0.0281876384148352,0.0920282415871424,"Right","Far","Gabor","113",0,0.5,0.5
"579","G_RPstair",0.552136443264513,0.0346055911478747,0.10316474950118,"Right","Peripheral","Gabor","113",0.5,0.5,0.5
"580","L_LNstair",0.200340471904569,0.0408838040647733,0.134083297334634,"Left","Near","Upright","116",-0.5,-0.5,-0.5
"581","L_LFstair",0.782350039424151,0.0356718309134319,0.114499630284686,"Left","Far","Upright","116",0,-0.5,-0.5
"582","L_LPstair",0.690271027269577,0.0659281346001538,0.213543068890554,"Left","Peripheral","Upright","116",0.5,-0.5,-0.5
"583","L_RNstair",0.244650690102054,0.0420327238072074,0.136285013285237,"Right","Near","Upright","116",-0.5,0.5,-0.5
"584","L_RFstair",0.532114017856506,0.027771343435477,0.0911040086813064,"Right","Far","Upright","116",0,0.5,-0.5
"585","L_RPstair",0.484956911230213,0.0261194543999978,0.0864363684686547,"Right","Peripheral","Upright","116",0.5,0.5,-0.5
"586","G_LFstair",0.916940587107645,0.0275584590829336,0.0913630419589788,"Left","Far","Gabor","116",0,-0.5,0.5
"587","G_LPstair",0.819051246988205,0.0272299330798101,0.0891621825091861,"Left","Peripheral","Gabor","116",0.5,-0.5,0.5
"588","G_RNstair",0.777510241031683,0.0264073455061071,0.0869867012831738,"Right","Near","Gabor","116",-0.5,0.5,0.5
"589","G_RFstair",0.432560663178273,0.0259604499264005,0.085825181972071,"Right","Far","Gabor","116",0,0.5,0.5
"590","G_RPstair",0.641722057407786,0.0260987532676293,0.0861676084365314,"Right","Peripheral","Gabor","116",0.5,0.5,0.5
"591","L_LNstair",0.176250348484862,0.0295046604550799,0.096798412655769,"Left","Near","Upright","120",-0.5,-0.5,-0.5
"592","L_LFstair",0.163980816298247,0.0307595752627252,0.101216118793875,"Left","Far","Upright","120",0,-0.5,-0.5
"593","L_LPstair",0.317200780775969,0.026718629230969,0.0880114369492373,"Left","Peripheral","Upright","120",0.5,-0.5,-0.5
"594","L_RNstair",0.141324212117443,0.0272641598652419,0.0899145066779956,"Right","Near","Upright","120",-0.5,0.5,-0.5
"595","L_RFstair",0.118610495220168,0.0278434747337575,0.0915601127446652,"Right","Far","Upright","120",0,0.5,-0.5
"596","L_RPstair",0.149894167059392,0.0272855345920787,0.0893710911488956,"Right","Peripheral","Upright","120",0.5,0.5,-0.5
"597","G_LNstair",0.630847460186745,0.0259545550994141,0.0857211807426275,"Left","Near","Gabor","120",-0.5,-0.5,0.5
"598","G_LFstair",0.894156639004589,0.0263110020918127,0.0873210568422773,"Left","Far","Gabor","120",0,-0.5,0.5
"599","G_LPstair",0.859987656992773,0.0280258162776269,0.0921074946684064,"Left","Peripheral","Gabor","120",0.5,-0.5,0.5
"600","G_RNstair",0.378078179725153,0.0260855509676127,0.0861485630936858,"Right","Near","Gabor","120",-0.5,0.5,0.5
"601","G_RFstair",0.368161182578736,0.0266594329186143,0.0876502687237977,"Right","Far","Gabor","120",0,0.5,0.5
"602","G_RPstair",0.553356303358377,0.0261842157961772,0.0867229365694345,"Right","Peripheral","Gabor","120",0.5,0.5,0.5
"603","L_LNstair",0.267438953905606,0.0280437946830172,0.0925856421606852,"Left","Near","Upright","121",-0.5,-0.5,-0.5
"604","L_LFstair",0.509354167736881,0.0272620060232547,0.089251153957795,"Left","Far","Upright","121",0,-0.5,-0.5
"605","L_LPstair",0.412813231588357,0.0495218413786919,0.116462757023255,"Left","Peripheral","Upright","121",0.5,-0.5,-0.5
"606","L_RNstair",0.405138363738448,0.0282347497853804,0.0936155190047041,"Right","Near","Upright","121",-0.5,0.5,-0.5
"607","L_RFstair",0.426496155497434,0.0516681363741728,0.118796875794085,"Right","Far","Upright","121",0,0.5,-0.5
"608","L_RPstair",0.487288160614524,0.0256851749982269,0.0848055023482055,"Right","Peripheral","Upright","121",0.5,0.5,-0.5
"609","G_LNstair",0.643340535938369,0.0272876563774162,0.0900071116643955,"Left","Near","Gabor","121",-0.5,-0.5,0.5
"610","G_LFstair",0.446347854378421,0.0259151821544682,0.0855249966425266,"Left","Far","Gabor","121",0,-0.5,0.5
"611","G_LPstair",0.327769374594054,0.030519704549543,0.101045635695938,"Left","Peripheral","Gabor","121",0.5,-0.5,0.5
"612","G_RNstair",0.546357613452439,0.0330512118914596,0.107914991317617,"Right","Near","Gabor","121",-0.5,0.5,0.5
"613","G_RFstair",0.459811594808016,0.0524493830362539,0.127666535440327,"Right","Far","Gabor","121",0,0.5,0.5
"614","G_RPstair",0.612253126770415,0.0300503657188058,0.0969495190595975,"Right","Peripheral","Gabor","121",0.5,0.5,0.5
"615","L_LNstair",0.317523534679554,0.0270450729440588,0.0893061279641558,"Left","Near","Upright","122",-0.5,-0.5,-0.5
"616","L_LFstair",0.414969481250209,0.0275541049585262,0.0910741788962195,"Left","Far","Upright","122",0,-0.5,-0.5
"617","L_LPstair",0.385982423663293,0.0292479692355027,0.0964682996663297,"Left","Peripheral","Upright","122",0.5,-0.5,-0.5
"618","L_RNstair",0.230531682630379,0.0268175255115688,0.0881101875748598,"Right","Near","Upright","122",-0.5,0.5,-0.5
"619","L_RFstair",0.198937036648457,0.0272349077673874,0.0892038172480862,"Right","Far","Upright","122",0,0.5,-0.5
"620","L_RPstair",0.30762239497133,0.0285191502136243,0.0936956785533,"Right","Peripheral","Upright","122",0.5,0.5,-0.5
"621","G_LNstair",0.243335797696167,0.0268237685586229,0.0890716194262313,"Left","Near","Gabor","122",-0.5,-0.5,0.5
"622","G_LFstair",0.524828128253943,0.050821205238273,0.149389266359453,"Left","Far","Gabor","122",0,-0.5,0.5
"623","G_LPstair",0.585803938368269,0.0351461210950525,0.1114155325627,"Left","Peripheral","Gabor","122",0.5,-0.5,0.5
"624","G_RNstair",0.359720590696088,0.026561396423626,0.0874537036095626,"Right","Near","Gabor","122",-0.5,0.5,0.5
"625","G_RFstair",0.295368419480938,0.0267680638303661,0.088836972328205,"Right","Far","Gabor","122",0,0.5,0.5
"626","G_RPstair",0.383476636640094,0.0382117057013495,0.109578435261996,"Right","Peripheral","Gabor","122",0.5,0.5,0.5
"627","L_LNstair",0.294816767845909,0.0270353476120719,0.0897702820734215,"Left","Near","Upright","123",-0.5,-0.5,-0.5
"628","L_LFstair",0.63865738414292,0.0257869412003765,0.0853612939829738,"Left","Far","Upright","123",0,-0.5,-0.5
"629","L_LPstair",0.80294808047591,0.0273635425084512,0.0908106729675521,"Left","Peripheral","Upright","123",0.5,-0.5,-0.5
"630","L_RNstair",0.174782154204374,0.027057216553051,0.0898739795453012,"Right","Near","Upright","123",-0.5,0.5,-0.5
"631","L_RFstair",0.156992290836165,0.0273229014267179,0.0902045393201786,"Right","Far","Upright","123",0,0.5,-0.5
"632","L_RPstair",0.563546427323868,0.0256013448370565,0.084551249117267,"Right","Peripheral","Upright","123",0.5,0.5,-0.5
"633","G_LNstair",0.843692268918915,0.0348163534762485,0.110620858239611,"Left","Near","Gabor","123",-0.5,-0.5,0.5
"634","G_LPstair",0.671879307255888,0.0262236421188833,0.0866720190502351,"Left","Peripheral","Gabor","123",0.5,-0.5,0.5
"635","G_RNstair",0.471432752148882,0.0294996033270391,0.094280412137055,"Right","Near","Gabor","123",-0.5,0.5,0.5
"636","G_RFstair",0.500074061421937,0.0562872389721655,0.138574725184859,"Right","Far","Gabor","123",0,0.5,0.5
"637","G_RPstair",0.33945652006511,0.0288636778843885,0.0936718486739158,"Right","Peripheral","Gabor","123",0.5,0.5,0.5
"638","L_LNstair",0.29179980858915,0.0266741794929342,0.0882303530119787,"Left","Near","Upright","124",-0.5,-0.5,-0.5
"639","L_LFstair",0.418034300387589,0.025830307816318,0.0853863233280502,"Left","Far","Upright","124",0,-0.5,-0.5
"640","L_LPstair",0.583285884580835,0.0271180188315114,0.0897367961313978,"Left","Peripheral","Upright","124",0.5,-0.5,-0.5
"641","L_RNstair",0.195495225962456,0.0269434262020999,0.0894200249311556,"Right","Near","Upright","124",-0.5,0.5,-0.5
"642","L_RFstair",0.248752435246325,0.0281010894784341,0.0923402922047331,"Right","Far","Upright","124",0,0.5,-0.5
"643","L_RPstair",0.310018854601946,0.027451516844969,0.0899721320880477,"Right","Peripheral","Upright","124",0.5,0.5,-0.5
"644","G_LNstair",0.515146718987383,0.0339316594267168,0.109318733786287,"Left","Near","Gabor","124",-0.5,-0.5,0.5
"645","G_LFstair",0.825739840536431,0.0297504509079619,0.0969368008305196,"Left","Far","Gabor","124",0,-0.5,0.5
"646","G_LPstair",0.571180552909299,0.0346175022388122,0.102141503269611,"Left","Peripheral","Gabor","124",0.5,-0.5,0.5
"647","G_RNstair",0.303259738543032,0.0814640466546219,0.283189226093636,"Right","Near","Gabor","124",-0.5,0.5,0.5
"648","G_RFstair",0.20678226243237,0.0299732012503664,0.0989111250346654,"Right","Far","Gabor","124",0,0.5,0.5
"649","G_RPstair",0.346196207523398,0.0265301984944971,0.0878461035077386,"Right","Peripheral","Gabor","124",0.5,0.5,0.5
"650","L_LNstair",0.607421743128032,0.0258767786792028,0.0854143448180836,"Left","Near","Upright","126",-0.5,-0.5,-0.5
"651","L_LFstair",0.673281553614072,0.0258913626226506,0.0857043780741836,"Left","Far","Upright","126",0,-0.5,-0.5
"652","L_LPstair",0.623549747806379,0.0268398001666629,0.0891252872278352,"Left","Peripheral","Upright","126",0.5,-0.5,-0.5
"653","L_RNstair",0.366398323926557,0.0271143388775553,0.0897268767461764,"Right","Near","Upright","126",-0.5,0.5,-0.5
"654","L_RFstair",0.428951643910577,0.0268816981979329,0.0881271550182631,"Right","Far","Upright","126",0,0.5,-0.5
"655","L_RPstair",0.521566274725934,0.0265546047416683,0.0872359999605786,"Right","Peripheral","Upright","126",0.5,0.5,-0.5
"656","G_LNstair",0.710678124637293,0.029992897915214,0.0989009905913871,"Left","Near","Gabor","126",-0.5,-0.5,0.5
"657","G_LPstair",0.936755211949863,0.026311873975432,0.0878788220553863,"Left","Peripheral","Gabor","126",0.5,-0.5,0.5
"658","G_RNstair",0.550404808003447,0.0255148452749225,0.0845753059159019,"Right","Near","Gabor","126",-0.5,0.5,0.5
"659","G_RFstair",0.736545817133804,0.0261639948214989,0.0862543132793214,"Right","Far","Gabor","126",0,0.5,0.5
"660","G_RPstair",0.743394034678404,0.0265633163897835,0.0879604328979972,"Right","Peripheral","Gabor","126",0.5,0.5,0.5
"661","L_LNstair",0.529410237606472,0.0265601477311185,0.0874981434008062,"Left","Near","Upright","127",-0.5,-0.5,-0.5
"662","L_LFstair",0.603810942045817,0.0262380787065686,0.0869052188962344,"Left","Far","Upright","127",0,-0.5,-0.5
"663","L_LPstair",0.941310533615386,0.025328931230701,0.0847605998369795,"Left","Peripheral","Upright","127",0.5,-0.5,-0.5
"664","L_RNstair",0.495711635348514,0.0568757731970967,0.138643251570284,"Right","Near","Upright","127",-0.5,0.5,-0.5
"665","L_RFstair",0.566200042311261,0.0261655557733625,0.0865576431267342,"Right","Far","Upright","127",0,0.5,-0.5
"666","L_RPstair",0.927271219791329,0.0290958433064758,0.0955572275250796,"Right","Peripheral","Upright","127",0.5,0.5,-0.5
"667","G_LNstair",0.678550411275959,0.027353449679001,0.0899950085886214,"Left","Near","Gabor","127",-0.5,-0.5,0.5
"668","G_LFstair",0.688199105408803,0.0259820964449528,0.0858647016772506,"Left","Far","Gabor","127",0,-0.5,0.5
"669","G_RNstair",0.536917200377696,0.0277372331263694,0.0914077588123708,"Right","Near","Gabor","127",-0.5,0.5,0.5
"670","G_RFstair",0.479411462944119,0.0309119997088924,0.0923383295613198,"Right","Far","Gabor","127",0,0.5,0.5
"671","G_RPstair",0.564810231172409,0.0260603589035352,0.086370263091829,"Right","Peripheral","Gabor","127",0.5,0.5,0.5
"672","L_LNstair",0.197645445785821,0.0280518753637582,0.0925869531145637,"Left","Near","Upright","128",-0.5,-0.5,-0.5
"673","L_LFstair",0.451838952213295,0.0516954966598626,0.124705438985378,"Left","Far","Upright","128",0,-0.5,-0.5
"674","L_LPstair",0.54078303947772,0.0333044740088617,0.0975960724166809,"Left","Peripheral","Upright","128",0.5,-0.5,-0.5
"675","L_RNstair",0.215703979122048,0.0289377502358839,0.0950494050548823,"Right","Near","Upright","128",-0.5,0.5,-0.5
"676","L_RFstair",0.214274723285656,0.0304513887814618,0.0997501441790856,"Right","Far","Upright","128",0,0.5,-0.5
"677","L_RPstair",0.563120099695416,0.0288093891960629,0.0935227066672355,"Right","Peripheral","Upright","128",0.5,0.5,-0.5
"678","G_LNstair",0.244019296432291,0.0326729522649637,0.103775568650116,"Left","Near","Gabor","128",-0.5,-0.5,0.5
"679","G_LFstair",0.0872035734488994,0.0569437050154397,0.181231656920436,"Left","Far","Gabor","128",0,-0.5,0.5
"680","G_LPstair",0.450799156880876,0.0529333092089919,0.116358390650914,"Left","Peripheral","Gabor","128",0.5,-0.5,0.5
"681","G_RNstair",0.282641631909427,0.0297667240055202,0.0977563886281783,"Right","Near","Gabor","128",-0.5,0.5,0.5
"682","G_RFstair",0.293106994127588,0.0273541067211033,0.0905229789326723,"Right","Far","Gabor","128",0,0.5,0.5
"683","G_RPstair",0.495305110844604,0.0264557730911193,0.087636852306946,"Right","Peripheral","Gabor","128",0.5,0.5,0.5
"684","L_LNstair",0.203088985353303,0.0425961854813558,0.13801443626918,"Left","Near","Upright","129",-0.5,-0.5,-0.5
"685","L_LFstair",0.413553500468006,0.0260552956309783,0.0862974965959504,"Left","Far","Upright","129",0,-0.5,-0.5
"686","L_LPstair",0.565413513323715,0.0256820871509521,0.0847745099686061,"Left","Peripheral","Upright","129",0.5,-0.5,-0.5
"687","L_RNstair",0.238959714612339,0.0270203441128261,0.0886370403812302,"Right","Near","Upright","129",-0.5,0.5,-0.5
"688","L_RFstair",0.538308713002259,0.0619323204527463,0.147848971634889,"Right","Far","Upright","129",0,0.5,-0.5
"689","L_RPstair",0.470868388899654,0.027254332154019,0.0884899388083466,"Right","Peripheral","Upright","129",0.5,0.5,-0.5
"690","G_LNstair",0.39484950343602,0.0262210057121254,0.0869482407477763,"Left","Near","Gabor","129",-0.5,-0.5,0.5
"691","G_LFstair",0.486653211318764,0.0262764697833548,0.0867574538199987,"Left","Far","Gabor","129",0,-0.5,0.5
"692","G_LPstair",0.621408846294876,0.0262976346428277,0.0866441722482989,"Left","Peripheral","Gabor","129",0.5,-0.5,0.5
"693","G_RNstair",0.542510718048265,0.0264930267840323,0.087511227728323,"Right","Near","Gabor","129",-0.5,0.5,0.5
"694","G_RFstair",0.687840413841975,0.064394554695446,0.206924188157805,"Right","Far","Gabor","129",0,0.5,0.5
"695","G_RPstair",0.510844935437269,0.0261311431043072,0.0861881077296312,"Right","Peripheral","Gabor","129",0.5,0.5,0.5
